Date,HomeTeam,AwayTeam,FTHG,FTAG
2005-09-14,Club Brugge,Juventus,1,2
2005-09-14,SK Rapid Wien,Bayern München,0,1
2005-09-14,Arsenal,FC Thun,2,1
2005-09-14,Sparta Praha,Ajax,1,1
2005-09-14,Udinese,Panathinaikos,3,0
2005-09-14,Werder Bremen,Barcelona,0,2
2005-09-14,SL Benfica,Lille OSC,1,0
2005-09-14,Villarreal,Manchester United,0,0
2005-09-13,Milan,Fenerbahçe,3,1
2005-09-13,PSV Eindhoven,FC Schalke 04,1,0
2005-09-13,Olympiacos,Rosenborg BK,1,3
2005-09-13,Olympique Lyonnais,Real Madrid,3,0
2005-09-13,Chelsea,RSC Anderlecht,1,0
2005-09-13,Real Betis Balompié,Liverpool,1,2
2005-09-13,FC Petrzalka 1898,Inter,0,1
2005-09-13,Rangers,FC Porto,3,2
2005-09-27,Bayern München,Club Brugge,1,0
2005-09-27,Juventus,SK Rapid Wien,3,0
2005-09-27,Ajax,Arsenal,1,2
2005-09-27,FC Thun,Sparta Praha,1,0
2005-09-27,Barcelona,Udinese,4,1
2005-09-27,Panathinaikos,Werder Bremen,2,1
2005-09-27,Lille OSC,Villarreal,0,0
2005-09-27,Manchester United,SL Benfica,2,1
2005-09-28,FC Schalke 04,Milan,2,2
2005-09-28,Fenerbahçe,PSV Eindhoven,3,0
2005-09-28,Real Madrid,Olympiacos,2,1
2005-09-28,Rosenborg BK,Olympique Lyonnais,0,1
2005-09-28,Liverpool,Chelsea,0,0
2005-09-28,RSC Anderlecht,Real Betis Balompié,0,1
2005-09-28,FC Porto,FC Petrzalka 1898,2,3
2005-09-28,Inter,Rangers,1,0
2005-10-18,Bayern München,Juventus,2,1
2005-10-18,SK Rapid Wien,Club Brugge,0,1
2005-10-18,Ajax,FC Thun,2,0
2005-10-18,Sparta Praha,Arsenal,0,2
2005-10-18,Panathinaikos,Barcelona,0,0
2005-10-18,Udinese,Werder Bremen,1,1
2005-10-18,Manchester United,Lille OSC,0,0
2005-10-18,Villarreal,SL Benfica,1,1
2005-10-19,Fenerbahçe,FC Schalke 04,3,3
2005-10-19,Milan,PSV Eindhoven,0,0
2005-10-19,Olympique Lyonnais,Olympiacos,2,1
2005-10-19,Real Madrid,Rosenborg BK,4,1
2005-10-19,Chelsea,Real Betis Balompié,4,0
2005-10-19,RSC Anderlecht,Liverpool,0,1
2005-10-19,FC Porto,Inter,2,0
2005-10-19,Rangers,FC Petrzalka 1898,0,0
2005-11-02,Club Brugge,SK Rapid Wien,3,2
2005-11-02,Juventus,Bayern München,2,1
2005-11-02,Arsenal,Sparta Praha,3,0
2005-11-02,FC Thun,Ajax,2,4
2005-11-02,Barcelona,Panathinaikos,5,0
2005-11-02,Werder Bremen,Udinese,4,3
2005-11-02,Lille OSC,Manchester United,1,0
2005-11-02,SL Benfica,Villarreal,0,1
2005-11-01,FC Schalke 04,Fenerbahçe,2,0
2005-11-01,PSV Eindhoven,Milan,1,0
2005-11-01,Olympiacos,Olympique Lyonnais,1,4
2005-11-01,Rosenborg BK,Real Madrid,0,2
2005-11-01,Liverpool,RSC Anderlecht,3,0
2005-11-01,Real Betis Balompié,Chelsea,1,0
2005-11-01,FC Petrzalka 1898,Rangers,2,2
2005-11-01,Inter,FC Porto,2,1
2005-11-22,Bayern München,SK Rapid Wien,4,0
2005-11-22,Juventus,Club Brugge,1,0
2005-11-22,Ajax,Sparta Praha,2,1
2005-11-22,FC Thun,Arsenal,0,1
2005-11-22,Barcelona,Werder Bremen,3,1
2005-11-22,Panathinaikos,Udinese,1,2
2005-11-22,Lille OSC,SL Benfica,0,0
2005-11-22,Manchester United,Villarreal,0,0
2005-11-23,FC Schalke 04,PSV Eindhoven,3,0
2005-11-23,Fenerbahçe,Milan,0,4
2005-11-23,Real Madrid,Olympique Lyonnais,1,1
2005-11-23,Rosenborg BK,Olympiacos,1,1
2005-11-23,Liverpool,Real Betis Balompié,0,0
2005-11-23,RSC Anderlecht,Chelsea,0,2
2005-11-23,FC Porto,Rangers,1,1
2005-11-23,Inter,FC Petrzalka 1898,4,0
2006-02-21,Bayern München,Milan,1,1
2006-02-21,PSV Eindhoven,Olympique Lyonnais,0,1
2006-02-21,Real Madrid,Arsenal,0,1
2006-02-21,SL Benfica,Liverpool,1,0
2006-02-22,Ajax,Inter,2,2
2006-02-22,Chelsea,Barcelona,1,2
2006-02-22,Rangers,Villarreal,2,2
2006-02-22,Werder Bremen,Juventus,3,2
2006-03-07,Barcelona,Chelsea,1,1
2006-03-07,Juventus,Werder Bremen,2,1
2006-03-07,Villarreal,Rangers,1,1
2006-03-08,Arsenal,Real Madrid,0,0
2006-03-08,Liverpool,SL Benfica,0,2
2006-03-08,Milan,Bayern München,4,1
2006-03-08,Olympique Lyonnais,PSV Eindhoven,4,0
2006-03-14,Inter,Ajax,1,0
2006-03-28,Arsenal,Juventus,2,0
2006-03-28,SL Benfica,Barcelona,0,0
2006-03-29,Inter,Villarreal,2,1
2006-03-29,Olympique Lyonnais,Milan,0,0
2006-04-04,Milan,Olympique Lyonnais,3,1
2006-04-04,Villarreal,Inter,1,0
2006-04-05,Barcelona,SL Benfica,2,0
2006-04-05,Juventus,Arsenal,0,0
2006-04-18,Milan,Barcelona,0,1
2006-04-19,Arsenal,Villarreal,1,0
2006-04-25,Villarreal,Arsenal,0,0
2006-04-26,Barcelona,Milan,0,0
2006-05-17,Barcelona,Arsenal,2,1
2006-09-12,Barcelona,Levski Sofia,5,0
2006-09-12,Chelsea,Werder Bremen,2,0
2006-09-12,Bayern München,Spartak Moscow,4,0
2006-09-12,Sporting CP,Inter,1,0
2006-09-12,Galatasaray,Bordeaux,0,0
2006-09-12,PSV Eindhoven,Liverpool,0,0
2006-09-12,Olympiacos,Valencia,2,4
2006-09-12,Roma,Shakhtar Donetsk,4,0
2006-09-13,Dynamo Kyiv,FCSB,1,4
2006-09-13,Olympique Lyonnais,Real Madrid,2,0
2006-09-13,FC København,SL Benfica,0,0
2006-09-13,Manchester United,Celtic,3,2
2006-09-13,FC Porto,CSKA Moscow,0,0
2006-09-13,Hamburger SV,Arsenal,1,2
2006-09-13,Milan,AEK Athens,3,0
2006-09-13,RSC Anderlecht,Lille OSC,1,1
2006-09-27,Levski Sofia,Chelsea,1,3
2006-09-27,Werder Bremen,Barcelona,1,1
2006-09-27,Spartak Moscow,Sporting CP,1,1
2006-09-27,Inter,Bayern München,0,2
2006-09-27,Bordeaux,PSV Eindhoven,0,1
2006-09-27,Liverpool,Galatasaray,3,2
2006-09-27,Shakhtar Donetsk,Olympiacos,2,2
2006-09-27,Valencia,Roma,2,1
2006-09-26,FCSB,Olympique Lyonnais,0,3
2006-09-26,Real Madrid,Dynamo Kyiv,5,1
2006-09-26,Celtic,FC København,1,0
2006-09-26,SL Benfica,Manchester United,0,1
2006-09-26,CSKA Moscow,Hamburger SV,1,0
2006-09-26,Arsenal,FC Porto,2,0
2006-09-26,AEK Athens,RSC Anderlecht,1,1
2006-09-26,Lille OSC,Milan,0,0
2006-10-18,Chelsea,Barcelona,1,0
2006-10-18,Werder Bremen,Levski Sofia,2,0
2006-10-18,Inter,Spartak Moscow,2,1
2006-10-18,Sporting CP,Bayern München,0,1
2006-10-18,Bordeaux,Liverpool,0,1
2006-10-18,Galatasaray,PSV Eindhoven,1,2
2006-10-18,Olympiacos,Roma,0,1
2006-10-18,Valencia,Shakhtar Donetsk,2,0
2006-10-17,Dynamo Kyiv,Olympique Lyonnais,0,3
2006-10-17,FCSB,Real Madrid,1,4
2006-10-17,Celtic,SL Benfica,3,0
2006-10-17,Manchester United,FC København,3,0
2006-10-17,CSKA Moscow,Arsenal,1,0
2006-10-17,FC Porto,Hamburger SV,4,1
2006-10-17,Lille OSC,AEK Athens,3,1
2006-10-17,RSC Anderlecht,Milan,0,1
2006-10-31,Barcelona,Chelsea,2,2
2006-10-31,Levski Sofia,Werder Bremen,0,3
2006-10-31,Spartak Moscow,Inter,0,1
2006-10-31,Bayern München,Sporting CP,0,0
2006-10-31,Liverpool,Bordeaux,3,0
2006-10-31,PSV Eindhoven,Galatasaray,2,0
2006-10-31,Roma,Olympiacos,1,1
2006-10-31,Shakhtar Donetsk,Valencia,2,2
2006-11-01,Olympique Lyonnais,Dynamo Kyiv,1,0
2006-11-01,Real Madrid,FCSB,1,0
2006-11-01,FC København,Manchester United,1,0
2006-11-01,SL Benfica,Celtic,3,0
2006-11-01,Arsenal,CSKA Moscow,0,0
2006-11-01,Hamburger SV,FC Porto,1,3
2006-11-01,AEK Athens,Lille OSC,1,0
2006-11-01,Milan,RSC Anderlecht,4,1
2006-11-22,Levski Sofia,Barcelona,0,2
2006-11-22,Werder Bremen,Chelsea,1,0
2006-11-22,Spartak Moscow,Bayern München,2,2
2006-11-22,Inter,Sporting CP,1,0
2006-11-22,Bordeaux,Galatasaray,3,1
2006-11-22,Liverpool,PSV Eindhoven,2,0
2006-11-22,Shakhtar Donetsk,Roma,1,0
2006-11-22,Valencia,Olympiacos,2,0
2006-11-21,FCSB,Dynamo Kyiv,1,1
2006-11-21,Real Madrid,Olympique Lyonnais,2,2
2006-11-21,Celtic,Manchester United,1,0
2006-11-21,SL Benfica,FC København,3,1
2006-11-21,CSKA Moscow,FC Porto,0,2
2006-11-21,Arsenal,Hamburger SV,3,1
2006-11-21,AEK Athens,Milan,1,0
2006-11-21,Lille OSC,RSC Anderlecht,2,2
2007-02-20,Celtic,Milan,0,0
2007-02-20,Lille OSC,Manchester United,0,1
2007-02-20,PSV Eindhoven,Arsenal,1,0
2007-02-20,Real Madrid,Bayern München,3,2
2007-02-21,Barcelona,Liverpool,1,2
2007-02-21,FC Porto,Chelsea,1,1
2007-02-21,Inter,Valencia,2,2
2007-02-21,Roma,Olympique Lyonnais,0,0
2007-03-06,Chelsea,FC Porto,2,1
2007-03-06,Liverpool,Barcelona,0,1
2007-03-06,Olympique Lyonnais,Roma,0,2
2007-03-06,Valencia,Inter,0,0
2007-03-07,Arsenal,PSV Eindhoven,1,1
2007-03-07,Bayern München,Real Madrid,2,1
2007-03-07,Manchester United,Lille OSC,1,0
2007-03-07,Milan,Celtic,0(1),0(0)
2007-04-03,Milan,Bayern München,2,2
2007-04-03,PSV Eindhoven,Liverpool,0,3
2007-04-04,Chelsea,Valencia,1,1
2007-04-04,Roma,Manchester United,2,1
2007-04-10,Manchester United,Roma,7,1
2007-04-10,Valencia,Chelsea,1,2
2007-04-11,Bayern München,Milan,0,2
2007-04-11,Liverpool,PSV Eindhoven,1,0
2007-04-24,Manchester United,Milan,3,2
2007-04-25,Chelsea,Liverpool,1,0
2007-05-01,Liverpool,Chelsea,1(0) (4),0(0) (1)
2007-05-02,Milan,Manchester United,3,0
2007-05-23,Milan,Liverpool,2,1
2007-09-18,FC Porto,Liverpool,1,1
2007-09-18,Olympique de Marseille,Beşiktaş,2,0
2007-09-18,Chelsea,Rosenborg BK,1,1
2007-09-18,FC Schalke 04,Valencia,0,1
2007-09-18,Olympiacos,Lazio,1,1
2007-09-18,Real Madrid,Werder Bremen,2,1
2007-09-18,Milan,SL Benfica,2,1
2007-09-18,Shakhtar Donetsk,Celtic,2,0
2007-09-19,Barcelona,Olympique Lyonnais,3,0
2007-09-19,Rangers,VfB Stuttgart,2,1
2007-09-19,Roma,Dynamo Kyiv,2,0
2007-09-19,Sporting CP,Manchester United,0,1
2007-09-19,Fenerbahçe,Inter,1,0
2007-09-19,PSV Eindhoven,CSKA Moscow,2,1
2007-09-19,Arsenal,Sevilla,3,0
2007-09-19,Slavia Praha,FCSB,2,1
2007-10-03,Beşiktaş,FC Porto,0,1
2007-10-03,Liverpool,Olympique de Marseille,0,1
2007-10-03,Rosenborg BK,FC Schalke 04,0,2
2007-10-03,Valencia,Chelsea,1,2
2007-10-03,Lazio,Real Madrid,2,2
2007-10-03,Werder Bremen,Olympiacos,1,3
2007-10-03,Celtic,Milan,2,1
2007-10-03,SL Benfica,Shakhtar Donetsk,0,1
2007-10-02,Olympique Lyonnais,Rangers,0,3
2007-10-02,VfB Stuttgart,Barcelona,0,2
2007-10-02,Dynamo Kyiv,Sporting CP,1,2
2007-10-02,Manchester United,Roma,1,0
2007-10-02,CSKA Moscow,Fenerbahçe,2,2
2007-10-02,Inter,PSV Eindhoven,2,0
2007-10-02,FCSB,Arsenal,0,1
2007-10-02,Sevilla,Slavia Praha,4,2
2007-10-24,Beşiktaş,Liverpool,2,1
2007-10-24,Olympique de Marseille,FC Porto,1,1
2007-10-24,Chelsea,FC Schalke 04,2,0
2007-10-24,Rosenborg BK,Valencia,2,0
2007-10-24,Real Madrid,Olympiacos,4,2
2007-10-24,Werder Bremen,Lazio,2,1
2007-10-24,Milan,Shakhtar Donetsk,4,1
2007-10-24,SL Benfica,Celtic,1,0
2007-10-23,Rangers,Barcelona,0,0
2007-10-23,VfB Stuttgart,Olympique Lyonnais,0,2
2007-10-23,Dynamo Kyiv,Manchester United,2,4
2007-10-23,Roma,Sporting CP,2,1
2007-10-23,CSKA Moscow,Inter,1,2
2007-10-23,PSV Eindhoven,Fenerbahçe,0,0
2007-10-23,Arsenal,Slavia Praha,7,0
2007-10-23,Sevilla,FCSB,2,1
2007-11-06,FC Porto,Olympique de Marseille,2,1
2007-11-06,Liverpool,Beşiktaş,8,0
2007-11-06,FC Schalke 04,Chelsea,0,0
2007-11-06,Valencia,Rosenborg BK,0,2
2007-11-06,Lazio,Werder Bremen,2,1
2007-11-06,Olympiacos,Real Madrid,0,0
2007-11-06,Celtic,SL Benfica,1,0
2007-11-06,Shakhtar Donetsk,Milan,0,3
2007-11-07,Barcelona,Rangers,2,0
2007-11-07,Olympique Lyonnais,VfB Stuttgart,4,2
2007-11-07,Manchester United,Dynamo Kyiv,4,0
2007-11-07,Sporting CP,Roma,2,2
2007-11-07,Fenerbahçe,PSV Eindhoven,2,0
2007-11-07,Inter,CSKA Moscow,4,2
2007-11-07,FCSB,Sevilla,0,2
2007-11-07,Slavia Praha,Arsenal,0,0
2007-11-28,Beşiktaş,Olympique de Marseille,2,1
2007-11-28,Liverpool,FC Porto,4,1
2007-11-28,Rosenborg BK,Chelsea,0,4
2007-11-28,Valencia,FC Schalke 04,0,0
2007-11-28,Lazio,Olympiacos,1,2
2007-11-28,Werder Bremen,Real Madrid,3,2
2007-11-28,Celtic,Shakhtar Donetsk,2,1
2007-11-28,SL Benfica,Milan,1,1
2007-11-27,Olympique Lyonnais,Barcelona,2,2
2007-11-27,VfB Stuttgart,Rangers,3,2
2007-11-27,Dynamo Kyiv,Roma,1,4
2007-11-27,Manchester United,Sporting CP,2,1
2007-11-27,CSKA Moscow,PSV Eindhoven,0,1
2007-11-27,Inter,Fenerbahçe,3,0
2007-11-27,FCSB,Slavia Praha,1,1
2007-11-27,Sevilla,Arsenal,3,1
2008-02-19,FC Schalke 04,FC Porto,1,0
2008-02-19,Liverpool,Inter,2,0
2008-02-19,Olympiacos,Chelsea,0,0
2008-02-19,Roma,Real Madrid,2,1
2008-02-20,Arsenal,Milan,0,0
2008-02-20,Celtic,Barcelona,2,3
2008-02-20,Fenerbahçe,Sevilla,3,2
2008-02-20,Olympique Lyonnais,Manchester United,1,1
2008-03-04,Barcelona,Celtic,1,0
2008-03-04,Manchester United,Olympique Lyonnais,1,0
2008-03-04,Milan,Arsenal,0,2
2008-03-04,Sevilla,Fenerbahçe,3(0) (2),2(0) (1)
2008-03-05,Chelsea,Olympiacos,3,0
2008-03-05,FC Porto,FC Schalke 04,1(0) (1),0(0) (4)
2008-03-05,Real Madrid,Roma,1,2
2008-03-11,Inter,Liverpool,0,1
2008-04-01,FC Schalke 04,Barcelona,0,1
2008-04-01,Roma,Manchester United,0,2
2008-04-02,Arsenal,Liverpool,1,1
2008-04-02,Fenerbahçe,Chelsea,2,1
2008-04-08,Chelsea,Fenerbahçe,2,0
2008-04-08,Liverpool,Arsenal,4,2
2008-04-09,Barcelona,FC Schalke 04,1,0
2008-04-09,Manchester United,Roma,1,0
2008-04-22,Liverpool,Chelsea,1,1
2008-04-23,Barcelona,Manchester United,0,0
2008-04-29,Manchester United,Barcelona,1,0
2008-04-30,Chelsea,Liverpool,1(2),1(1)
2008-05-21,Manchester United,Chelsea,1(0) (6),1(0) (5)
2008-09-16,Chelsea,Bordeaux,4,0
2008-09-16,Roma,CFR Cluj,1,2
2008-09-16,Panathinaikos,Inter,0,2
2008-09-16,Werder Bremen,Anorthosis Famagusta,0,0
2008-09-16,Barcelona,Sporting CP,3,1
2008-09-16,FC Basel,Shakhtar Donetsk,1,2
2008-09-16,Olympique de Marseille,Liverpool,1,2
2008-09-16,PSV Eindhoven,Atlético Madrid,0,3
2008-09-17,Celtic,AaB,0,0
2008-09-17,Manchester United,Villarreal,0,0
2008-09-17,FCSB,Bayern München,0,1
2008-09-17,Olympique Lyonnais,Fiorentina,2,2
2008-09-17,Dynamo Kyiv,Arsenal,1,1
2008-09-17,FC Porto,Fenerbahçe,3,1
2008-09-17,Juventus,Zenit St. Petersburg,1,0
2008-09-17,Real Madrid,BATE Borisov,2,0
2008-10-01,Bordeaux,Roma,1,3
2008-10-01,CFR Cluj,Chelsea,0,0
2008-10-01,Anorthosis Famagusta,Panathinaikos,3,1
2008-10-01,Inter,Werder Bremen,1,1
2008-10-01,Shakhtar Donetsk,Barcelona,1,2
2008-10-01,Sporting CP,FC Basel,2,0
2008-10-01,Atlético Madrid,Olympique de Marseille,2,1
2008-10-01,Liverpool,PSV Eindhoven,3,1
2008-09-30,AaB,Manchester United,0,3
2008-09-30,Villarreal,Celtic,1,0
2008-09-30,Bayern München,Olympique Lyonnais,1,1
2008-09-30,Fiorentina,FCSB,0,0
2008-09-30,Arsenal,FC Porto,4,0
2008-09-30,Fenerbahçe,Dynamo Kyiv,0,0
2008-09-30,Zenit St. Petersburg,Real Madrid,1,2
2008-09-30,BATE Borisov,Juventus,2,2
2008-10-22,Bordeaux,CFR Cluj,1,0
2008-10-22,Chelsea,Roma,1,0
2008-10-22,Inter,Anorthosis Famagusta,1,0
2008-10-22,Panathinaikos,Werder Bremen,2,2
2008-10-22,FC Basel,Barcelona,0,5
2008-10-22,Shakhtar Donetsk,Sporting CP,0,1
2008-10-22,Atlético Madrid,Liverpool,1,1
2008-10-22,PSV Eindhoven,Olympique de Marseille,2,0
2008-10-21,Manchester United,Celtic,3,0
2008-10-21,Villarreal,AaB,6,3
2008-10-21,Bayern München,Fiorentina,3,0
2008-10-21,FCSB,Olympique Lyonnais,3,5
2008-10-21,FC Porto,Dynamo Kyiv,0,1
2008-10-21,Fenerbahçe,Arsenal,2,5
2008-10-21,Zenit St. Petersburg,BATE Borisov,1,1
2008-10-21,Juventus,Real Madrid,2,1
2008-11-04,CFR Cluj,Bordeaux,1,2
2008-11-04,Roma,Chelsea,3,1
2008-11-04,Anorthosis Famagusta,Inter,3,3
2008-11-04,Werder Bremen,Panathinaikos,0,3
2008-11-04,Barcelona,FC Basel,1,1
2008-11-04,Sporting CP,Shakhtar Donetsk,1,0
2008-11-04,Liverpool,Atlético Madrid,1,1
2008-11-04,Olympique de Marseille,PSV Eindhoven,3,0
2008-11-05,AaB,Villarreal,2,2
2008-11-05,Celtic,Manchester United,1,1
2008-11-05,Fiorentina,Bayern München,1,1
2008-11-05,Olympique Lyonnais,FCSB,2,0
2008-11-05,Arsenal,Fenerbahçe,0,0
2008-11-05,Dynamo Kyiv,FC Porto,1,2
2008-11-05,BATE Borisov,Zenit St. Petersburg,0,2
2008-11-05,Real Madrid,Juventus,0,2
2008-11-26,Bordeaux,Chelsea,1,1
2008-11-26,CFR Cluj,Roma,1,3
2008-11-26,Anorthosis Famagusta,Werder Bremen,2,2
2008-11-26,Inter,Panathinaikos,0,1
2008-11-26,Shakhtar Donetsk,FC Basel,5,0
2008-11-26,Sporting CP,Barcelona,2,5
2008-11-26,Atlético Madrid,PSV Eindhoven,2,1
2008-11-26,Liverpool,Olympique de Marseille,1,0
2008-11-25,AaB,Celtic,2,1
2008-11-25,Villarreal,Manchester United,0,0
2008-11-25,Bayern München,FCSB,3,0
2008-11-25,Fiorentina,Olympique Lyonnais,1,2
2008-11-25,Arsenal,Dynamo Kyiv,1,0
2008-11-25,Fenerbahçe,FC Porto,1,2
2008-11-25,Zenit St. Petersburg,Juventus,0,0
2008-11-25,BATE Borisov,Real Madrid,0,1
2009-02-24,Arsenal,Roma,1,0
2009-02-24,Atlético Madrid,FC Porto,2,2
2009-02-24,Inter,Manchester United,0,0
2009-02-24,Olympique Lyonnais,Barcelona,1,1
2009-02-25,Chelsea,Juventus,1,0
2009-02-25,Real Madrid,Liverpool,0,1
2009-02-25,Sporting CP,Bayern München,0,5
2009-02-25,Villarreal,Panathinaikos,1,1
2009-03-10,Bayern München,Sporting CP,7,1
2009-03-10,Juventus,Chelsea,2,2
2009-03-10,Liverpool,Real Madrid,4,0
2009-03-10,Panathinaikos,Villarreal,1,2
2009-03-11,Barcelona,Olympique Lyonnais,5,2
2009-03-11,FC Porto,Atlético Madrid,0,0
2009-03-11,Manchester United,Inter,2,0
2009-03-11,Roma,Arsenal,1(0) (5),0(0) (7)
2009-04-07,Manchester United,FC Porto,2,2
2009-04-07,Villarreal,Arsenal,1,1
2009-04-08,Barcelona,Bayern München,4,0
2009-04-08,Liverpool,Chelsea,1,3
2009-04-14,Bayern München,Barcelona,1,1
2009-04-14,Chelsea,Liverpool,4,4
2009-04-15,Arsenal,Villarreal,3,0
2009-04-15,FC Porto,Manchester United,0,1
2009-04-28,Barcelona,Chelsea,0,0
2009-04-29,Manchester United,Arsenal,1,0
2009-05-05,Arsenal,Manchester United,1,3
2009-05-06,Chelsea,Barcelona,1,1
2009-05-27,Barcelona,Manchester United,2,0
2009-09-15,Juventus,Bordeaux,1,1
2009-09-15,Maccabi Haifa,Bayern München,0,3
2009-09-15,Beşiktaş,Manchester United,0,1
2009-09-15,VfL Wolfsburg,CSKA Moscow,3,1
2009-09-15,FC Zürich,Real Madrid,2,5
2009-09-15,Olympique de Marseille,Milan,1,2
2009-09-15,Atlético Madrid,APOEL Nicosia,0,0
2009-09-15,Chelsea,FC Porto,1,0
2009-09-16,Liverpool,Debreceni VSC,1,0
2009-09-16,Olympique Lyonnais,Fiorentina,1,0
2009-09-16,Dynamo Kyiv,Rubin Kazan,3,1
2009-09-16,Inter,Barcelona,0,0
2009-09-16,Sevilla,Unirea Urziceni,2,0
2009-09-16,VfB Stuttgart,Rangers,1,1
2009-09-16,Olympiacos,AZ Alkmaar,1,0
2009-09-16,Standard Liège,Arsenal,2,3
2009-09-30,Bayern München,Juventus,0,0
2009-09-30,Bordeaux,Maccabi Haifa,1,0
2009-09-30,CSKA Moscow,Beşiktaş,2,1
2009-09-30,Manchester United,VfL Wolfsburg,2,1
2009-09-30,Milan,FC Zürich,0,1
2009-09-30,Real Madrid,Olympique de Marseille,3,0
2009-09-30,APOEL Nicosia,Chelsea,0,1
2009-09-30,FC Porto,Atlético Madrid,2,0
2009-09-29,Debreceni VSC,Olympique Lyonnais,0,4
2009-09-29,Fiorentina,Liverpool,2,0
2009-09-29,Rubin Kazan,Inter,1,1
2009-09-29,Barcelona,Dynamo Kyiv,2,0
2009-09-29,Rangers,Sevilla,1,4
2009-09-29,Unirea Urziceni,VfB Stuttgart,1,1
2009-09-29,Arsenal,Olympiacos,2,0
2009-09-29,AZ Alkmaar,Standard Liège,1,1
2009-10-21,Bordeaux,Bayern München,2,1
2009-10-21,Juventus,Maccabi Haifa,1,0
2009-10-21,CSKA Moscow,Manchester United,0,1
2009-10-21,VfL Wolfsburg,Beşiktaş,0,0
2009-10-21,FC Zürich,Olympique de Marseille,0,1
2009-10-21,Real Madrid,Milan,2,3
2009-10-21,Chelsea,Atlético Madrid,4,0
2009-10-21,FC Porto,APOEL Nicosia,2,1
2009-10-20,Debreceni VSC,Fiorentina,3,4
2009-10-20,Liverpool,Olympique Lyonnais,1,2
2009-10-20,Barcelona,Rubin Kazan,1,2
2009-10-20,Inter,Dynamo Kyiv,2,2
2009-10-20,Rangers,Unirea Urziceni,1,4
2009-10-20,VfB Stuttgart,Sevilla,1,3
2009-10-20,AZ Alkmaar,Arsenal,1,1
2009-10-20,Olympiacos,Standard Liège,2,1
2009-11-03,Bayern München,Bordeaux,0,2
2009-11-03,Maccabi Haifa,Juventus,0,1
2009-11-03,Beşiktaş,VfL Wolfsburg,0,3
2009-11-03,Manchester United,CSKA Moscow,3,3
2009-11-03,Milan,Real Madrid,1,1
2009-11-03,Olympique de Marseille,FC Zürich,6,1
2009-11-03,APOEL Nicosia,FC Porto,0,1
2009-11-03,Atlético Madrid,Chelsea,2,2
2009-11-04,Fiorentina,Debreceni VSC,5,2
2009-11-04,Olympique Lyonnais,Liverpool,1,1
2009-11-04,Rubin Kazan,Barcelona,0,0
2009-11-04,Dynamo Kyiv,Inter,1,2
2009-11-04,Sevilla,VfB Stuttgart,1,1
2009-11-04,Unirea Urziceni,Rangers,1,1
2009-11-04,Arsenal,AZ Alkmaar,4,1
2009-11-04,Standard Liège,Olympiacos,2,0
2009-11-25,Bayern München,Maccabi Haifa,1,0
2009-11-25,Bordeaux,Juventus,2,0
2009-11-25,CSKA Moscow,VfL Wolfsburg,2,1
2009-11-25,Manchester United,Beşiktaş,0,1
2009-11-25,Milan,Olympique de Marseille,1,1
2009-11-25,Real Madrid,FC Zürich,1,0
2009-11-25,APOEL Nicosia,Atlético Madrid,1,1
2009-11-25,FC Porto,Chelsea,0,1
2009-11-24,Debreceni VSC,Liverpool,0,1
2009-11-24,Fiorentina,Olympique Lyonnais,1,0
2009-11-24,Rubin Kazan,Dynamo Kyiv,0,0
2009-11-24,Barcelona,Inter,2,0
2009-11-24,Rangers,VfB Stuttgart,0,2
2009-11-24,Unirea Urziceni,Sevilla,1,0
2009-11-24,Arsenal,Standard Liège,2,0
2009-11-24,AZ Alkmaar,Olympiacos,0,0
2010-02-16,Milan,Manchester United,2,3
2010-02-16,Olympique Lyonnais,Real Madrid,1,0
2010-02-17,Bayern München,Fiorentina,2,1
2010-02-17,FC Porto,Arsenal,2,1
2010-02-23,Olympiacos,Bordeaux,0,1
2010-02-23,VfB Stuttgart,Barcelona,1,1
2010-02-24,CSKA Moscow,Sevilla,1,1
2010-02-24,Inter,Chelsea,2,1
2010-03-09,Arsenal,FC Porto,5,0
2010-03-09,Fiorentina,Bayern München,3,2
2010-03-10,Manchester United,Milan,4,0
2010-03-10,Real Madrid,Olympique Lyonnais,1,1
2010-03-16,Chelsea,Inter,0,1
2010-03-16,Sevilla,CSKA Moscow,1,2
2010-03-17,Barcelona,VfB Stuttgart,4,0
2010-03-17,Bordeaux,Olympiacos,2,1
2010-03-30,Bayern München,Manchester United,2,1
2010-03-30,Olympique Lyonnais,Bordeaux,3,1
2010-03-31,Arsenal,Barcelona,2,2
2010-03-31,Inter,CSKA Moscow,1,0
2010-04-06,CSKA Moscow,Inter,0,1
2010-04-06,Barcelona,Arsenal,4,1
2010-04-07,Bordeaux,Olympique Lyonnais,1,0
2010-04-07,Manchester United,Bayern München,3,2
2010-04-20,Inter,Barcelona,3,1
2010-04-21,Bayern München,Olympique Lyonnais,1,0
2010-04-27,Olympique Lyonnais,Bayern München,0,3
2010-04-28,Barcelona,Inter,1,0
2010-05-22,Bayern München,Inter,0,2
2010-09-14,FC Twente,Inter,2,2
2010-09-14,Werder Bremen,Tottenham,2,2
2010-09-14,Olympique Lyonnais,FC Schalke 04,1,0
2010-09-14,SL Benfica,Hapoel Tel Aviv,2,0
2010-09-14,Bursaspor,Valencia,0,4
2010-09-14,Manchester United,Rangers,0,0
2010-09-14,Barcelona,Panathinaikos,5,1
2010-09-14,FC København,Rubin Kazan,1,0
2010-09-15,Bayern München,Roma,2,0
2010-09-15,CFR Cluj,FC Basel,2,1
2010-09-15,MŠK Žilina,Chelsea,1,4
2010-09-15,Olympique de Marseille,Spartak Moscow,0,1
2010-09-15,Milan,AJ Auxerre,2,0
2010-09-15,Real Madrid,Ajax,2,0
2010-09-15,Arsenal,Sporting Braga,6,0
2010-09-15,Shakhtar Donetsk,FK Partizan,1,0
2010-09-29,Inter,Werder Bremen,4,0
2010-09-29,Tottenham,FC Twente,4,1
2010-09-29,FC Schalke 04,SL Benfica,2,0
2010-09-29,Hapoel Tel Aviv,Olympique Lyonnais,1,3
2010-09-29,Rangers,Bursaspor,1,0
2010-09-29,Valencia,Manchester United,0,1
2010-09-29,Rubin Kazan,Barcelona,1,1
2010-09-29,Panathinaikos,FC København,0,2
2010-09-28,FC Basel,Bayern München,1,2
2010-09-28,Roma,CFR Cluj,2,1
2010-09-28,Spartak Moscow,MŠK Žilina,3,0
2010-09-28,Chelsea,Olympique de Marseille,2,0
2010-09-28,AJ Auxerre,Real Madrid,0,1
2010-09-28,Ajax,Milan,1,1
2010-09-28,FK Partizan,Arsenal,1,3
2010-09-28,Sporting Braga,Shakhtar Donetsk,0,3
2010-10-20,FC Twente,Werder Bremen,1,1
2010-10-20,Inter,Tottenham,4,3
2010-10-20,FC Schalke 04,Hapoel Tel Aviv,3,1
2010-10-20,Olympique Lyonnais,SL Benfica,2,0
2010-10-20,Manchester United,Bursaspor,1,0
2010-10-20,Rangers,Valencia,1,1
2010-10-20,Barcelona,FC København,2,0
2010-10-20,Panathinaikos,Rubin Kazan,0,0
2010-10-19,Bayern München,CFR Cluj,3,2
2010-10-19,Roma,FC Basel,1,3
2010-10-19,Spartak Moscow,Chelsea,0,2
2010-10-19,Olympique de Marseille,MŠK Žilina,1,0
2010-10-19,Ajax,AJ Auxerre,2,1
2010-10-19,Real Madrid,Milan,2,0
2010-10-19,Arsenal,Shakhtar Donetsk,5,1
2010-10-19,Sporting Braga,FK Partizan,2,0
2010-11-02,Tottenham,Inter,3,1
2010-11-02,Werder Bremen,FC Twente,0,2
2010-11-02,Hapoel Tel Aviv,FC Schalke 04,0,0
2010-11-02,SL Benfica,Olympique Lyonnais,4,3
2010-11-02,Bursaspor,Manchester United,0,3
2010-11-02,Valencia,Rangers,3,0
2010-11-02,Rubin Kazan,Panathinaikos,0,0
2010-11-02,FC København,Barcelona,1,1
2010-11-03,CFR Cluj,Bayern München,0,4
2010-11-03,FC Basel,Roma,2,3
2010-11-03,Chelsea,Spartak Moscow,4,1
2010-11-03,MŠK Žilina,Olympique de Marseille,0,7
2010-11-03,AJ Auxerre,Ajax,2,1
2010-11-03,Milan,Real Madrid,2,2
2010-11-03,FK Partizan,Sporting Braga,0,1
2010-11-03,Shakhtar Donetsk,Arsenal,2,1
2010-11-24,Inter,FC Twente,1,0
2010-11-24,Tottenham,Werder Bremen,3,0
2010-11-24,FC Schalke 04,Olympique Lyonnais,3,0
2010-11-24,Hapoel Tel Aviv,SL Benfica,3,0
2010-11-24,Rangers,Manchester United,0,1
2010-11-24,Valencia,Bursaspor,6,1
2010-11-24,Rubin Kazan,FC København,1,0
2010-11-24,Panathinaikos,Barcelona,0,3
2010-11-23,FC Basel,CFR Cluj,1,0
2010-11-23,Roma,Bayern München,3,2
2010-11-23,Spartak Moscow,Olympique de Marseille,0,3
2010-11-23,Chelsea,MŠK Žilina,2,1
2010-11-23,AJ Auxerre,Milan,0,2
2010-11-23,Ajax,Real Madrid,0,4
2010-11-23,FK Partizan,Shakhtar Donetsk,0,3
2010-11-23,Sporting Braga,Arsenal,2,0
2011-02-15,Milan,Tottenham,0,1
2011-02-15,Valencia,FC Schalke 04,1,1
2011-02-16,Arsenal,Barcelona,2,1
2011-02-16,Roma,Shakhtar Donetsk,2,3
2011-02-22,FC København,Chelsea,0,2
2011-02-22,Olympique Lyonnais,Real Madrid,1,1
2011-02-23,Inter,Bayern München,0,1
2011-02-23,Olympique de Marseille,Manchester United,0,0
2011-03-08,Barcelona,Arsenal,3,1
2011-03-08,Shakhtar Donetsk,Roma,3,0
2011-03-09,FC Schalke 04,Valencia,3,1
2011-03-09,Tottenham,Milan,0,0
2011-03-15,Bayern München,Inter,2,3
2011-03-15,Manchester United,Olympique de Marseille,2,1
2011-03-16,Chelsea,FC København,0,0
2011-03-16,Real Madrid,Olympique Lyonnais,3,0
2011-04-05,Inter,FC Schalke 04,2,5
2011-04-05,Real Madrid,Tottenham,4,0
2011-04-06,Barcelona,Shakhtar Donetsk,5,1
2011-04-06,Chelsea,Manchester United,0,1
2011-04-12,Manchester United,Chelsea,2,1
2011-04-12,Shakhtar Donetsk,Barcelona,0,1
2011-04-13,FC Schalke 04,Inter,2,1
2011-04-13,Tottenham,Real Madrid,0,1
2011-04-26,FC Schalke 04,Manchester United,0,2
2011-04-27,Real Madrid,Barcelona,0,2
2011-05-03,Barcelona,Real Madrid,1,1
2011-05-04,Manchester United,FC Schalke 04,4,1
2011-05-28,Barcelona,Manchester United,3,1
2011-09-14,Manchester City,Napoli,1,1
2011-09-14,Villarreal,Bayern München,0,2
2011-09-14,Inter,Trabzonspor,0,1
2011-09-14,Lille OSC,CSKA Moscow,2,2
2011-09-14,FC Basel,SC Oțelul Galați,2,1
2011-09-14,SL Benfica,Manchester United,1,1
2011-09-14,Ajax,Olympique Lyonnais,0,0
2011-09-14,GNK Dinamo Zagreb,Real Madrid,0,1
2011-09-13,Chelsea,Bayer 04 Leverkusen,2,0
2011-09-13,KRC Genk,Valencia,0,0
2011-09-13,Borussia Dortmund,Arsenal,1,1
2011-09-13,Olympiacos,Olympique de Marseille,0,1
2011-09-13,APOEL Nicosia,Zenit St. Petersburg,2,1
2011-09-13,FC Porto,Shakhtar Donetsk,2,1
2011-09-13,Barcelona,Milan,2,2
2011-09-13,Viktoria Plzeň,BATE Borisov,1,1
2011-09-27,Bayern München,Manchester City,2,0
2011-09-27,Napoli,Villarreal,2,0
2011-09-27,CSKA Moscow,Inter,2,3
2011-09-27,Trabzonspor,Lille OSC,1,1
2011-09-27,Manchester United,FC Basel,3,3
2011-09-27,SC Oțelul Galați,SL Benfica,0,1
2011-09-27,Olympique Lyonnais,GNK Dinamo Zagreb,2,0
2011-09-27,Real Madrid,Ajax,3,0
2011-09-28,Bayer 04 Leverkusen,KRC Genk,2,0
2011-09-28,Valencia,Chelsea,1,1
2011-09-28,Arsenal,Olympiacos,2,1
2011-09-28,Olympique de Marseille,Borussia Dortmund,3,0
2011-09-28,Zenit St. Petersburg,FC Porto,3,1
2011-09-28,Shakhtar Donetsk,APOEL Nicosia,1,1
2011-09-28,BATE Borisov,Barcelona,0,5
2011-09-28,Milan,Viktoria Plzeň,2,0
2011-10-18,Manchester City,Villarreal,2,1
2011-10-18,Napoli,Bayern München,1,1
2011-10-18,CSKA Moscow,Trabzonspor,3,0
2011-10-18,Lille OSC,Inter,0,1
2011-10-18,FC Basel,SL Benfica,0,2
2011-10-18,SC Oțelul Galați,Manchester United,0,2
2011-10-18,GNK Dinamo Zagreb,Ajax,0,2
2011-10-18,Real Madrid,Olympique Lyonnais,4,0
2011-10-19,Bayer 04 Leverkusen,Valencia,2,1
2011-10-19,Chelsea,KRC Genk,5,0
2011-10-19,Olympiacos,Borussia Dortmund,3,1
2011-10-19,Olympique de Marseille,Arsenal,0,1
2011-10-19,FC Porto,APOEL Nicosia,1,1
2011-10-19,Shakhtar Donetsk,Zenit St. Petersburg,2,2
2011-10-19,Barcelona,Viktoria Plzeň,2,0
2011-10-19,Milan,BATE Borisov,2,0
2011-11-02,Bayern München,Napoli,3,2
2011-11-02,Villarreal,Manchester City,0,3
2011-11-02,Inter,Lille OSC,2,1
2011-11-02,Trabzonspor,CSKA Moscow,0,0
2011-11-02,Manchester United,SC Oțelul Galați,2,0
2011-11-02,SL Benfica,FC Basel,1,1
2011-11-02,Ajax,GNK Dinamo Zagreb,4,0
2011-11-02,Olympique Lyonnais,Real Madrid,0,2
2011-11-01,KRC Genk,Chelsea,1,1
2011-11-01,Valencia,Bayer 04 Leverkusen,3,1
2011-11-01,Arsenal,Olympique de Marseille,0,0
2011-11-01,Borussia Dortmund,Olympiacos,1,0
2011-11-01,Zenit St. Petersburg,Shakhtar Donetsk,1,0
2011-11-01,APOEL Nicosia,FC Porto,2,1
2011-11-01,BATE Borisov,Milan,1,1
2011-11-01,Viktoria Plzeň,Barcelona,0,4
2011-11-22,Bayern München,Villarreal,3,1
2011-11-22,Napoli,Manchester City,2,1
2011-11-22,CSKA Moscow,Lille OSC,0,2
2011-11-22,Trabzonspor,Inter,1,1
2011-11-22,Manchester United,SL Benfica,2,2
2011-11-22,SC Oțelul Galați,FC Basel,2,3
2011-11-22,Olympique Lyonnais,Ajax,0,0
2011-11-22,Real Madrid,GNK Dinamo Zagreb,6,2
2011-11-23,Bayer 04 Leverkusen,Chelsea,2,1
2011-11-23,Valencia,KRC Genk,7,0
2011-11-23,Arsenal,Borussia Dortmund,2,1
2011-11-23,Olympique de Marseille,Olympiacos,0,1
2011-11-23,Zenit St. Petersburg,APOEL Nicosia,0,0
2011-11-23,Shakhtar Donetsk,FC Porto,0,2
2011-11-23,BATE Borisov,Viktoria Plzeň,0,1
2011-11-23,Milan,Barcelona,2,3
2012-02-14,Bayer 04 Leverkusen,Barcelona,1,3
2012-02-14,Olympique Lyonnais,APOEL Nicosia,1,0
2012-02-15,Zenit St. Petersburg,SL Benfica,3,2
2012-02-15,Milan,Arsenal,4,0
2012-02-21,CSKA Moscow,Real Madrid,1,1
2012-02-21,Napoli,Chelsea,3,1
2012-02-22,FC Basel,Bayern München,1,0
2012-02-22,Olympique de Marseille,Inter,1,0
2012-03-06,Arsenal,Milan,3,0
2012-03-06,SL Benfica,Zenit St. Petersburg,2,0
2012-03-07,APOEL Nicosia,Olympique Lyonnais,1(0) (4),0(0) (3)
2012-03-07,Barcelona,Bayer 04 Leverkusen,7,1
2012-03-13,Bayern München,FC Basel,7,0
2012-03-13,Inter,Olympique de Marseille,2,1
2012-03-14,Chelsea,Napoli,3(1),1(0)
2012-03-14,Real Madrid,CSKA Moscow,4,1
2012-03-27,APOEL Nicosia,Real Madrid,0,3
2012-03-27,SL Benfica,Chelsea,0,1
2012-03-28,Milan,Barcelona,0,0
2012-03-28,Olympique de Marseille,Bayern München,0,2
2012-04-03,Barcelona,Milan,3,1
2012-04-03,Bayern München,Olympique de Marseille,2,0
2012-04-04,Chelsea,SL Benfica,2,1
2012-04-04,Real Madrid,APOEL Nicosia,5,2
2012-04-17,Bayern München,Real Madrid,2,1
2012-04-18,Chelsea,Barcelona,1,0
2012-04-24,Barcelona,Chelsea,2,2
2012-04-25,Real Madrid,Bayern München,2(0) (1),1(0) (3)
2012-05-19,Bayern München,Chelsea,1(0) (3),1(0) (4)
2012-09-18,GNK Dinamo Zagreb,FC Porto,0,2
2012-09-18,Paris Saint-Germain,Dynamo Kyiv,4,1
2012-09-18,Montpellier,Arsenal,1,2
2012-09-18,Olympiacos,FC Schalke 04,1,2
2012-09-18,Málaga,Zenit St. Petersburg,3,0
2012-09-18,Milan,RSC Anderlecht,0,0
2012-09-18,Borussia Dortmund,Ajax,1,0
2012-09-18,Real Madrid,Manchester City,3,2
2012-09-19,Chelsea,Juventus,2,2
2012-09-19,Shakhtar Donetsk,FC Nordsjælland,2,0
2012-09-19,Bayern München,Valencia,2,1
2012-09-19,Lille OSC,BATE Borisov,1,3
2012-09-19,Barcelona,Spartak Moscow,3,2
2012-09-19,Celtic,SL Benfica,0,0
2012-09-19,Manchester United,Galatasaray,1,0
2012-09-19,Sporting Braga,CFR Cluj,0,2
2012-10-03,Dynamo Kyiv,GNK Dinamo Zagreb,2,0
2012-10-03,FC Porto,Paris Saint-Germain,1,0
2012-10-03,Arsenal,Olympiacos,3,1
2012-10-03,FC Schalke 04,Montpellier,2,2
2012-10-03,Zenit St. Petersburg,Milan,2,3
2012-10-03,RSC Anderlecht,Málaga,0,3
2012-10-03,Ajax,Real Madrid,1,4
2012-10-03,Manchester City,Borussia Dortmund,1,1
2012-10-02,FC Nordsjælland,Chelsea,0,4
2012-10-02,Juventus,Shakhtar Donetsk,1,1
2012-10-02,BATE Borisov,Bayern München,3,1
2012-10-02,Valencia,Lille OSC,2,0
2012-10-02,Spartak Moscow,Celtic,2,3
2012-10-02,SL Benfica,Barcelona,0,2
2012-10-02,CFR Cluj,Manchester United,1,2
2012-10-02,Galatasaray,Sporting Braga,0,2
2012-10-24,FC Porto,Dynamo Kyiv,3,2
2012-10-24,GNK Dinamo Zagreb,Paris Saint-Germain,0,2
2012-10-24,Arsenal,FC Schalke 04,0,2
2012-10-24,Montpellier,Olympiacos,1,2
2012-10-24,Zenit St. Petersburg,RSC Anderlecht,1,0
2012-10-24,Málaga,Milan,1,0
2012-10-24,Ajax,Manchester City,3,1
2012-10-24,Borussia Dortmund,Real Madrid,2,1
2012-10-23,FC Nordsjælland,Juventus,1,1
2012-10-23,Shakhtar Donetsk,Chelsea,2,1
2012-10-23,BATE Borisov,Valencia,0,3
2012-10-23,Lille OSC,Bayern München,0,1
2012-10-23,Spartak Moscow,SL Benfica,2,1
2012-10-23,Barcelona,Celtic,2,1
2012-10-23,Galatasaray,CFR Cluj,1,1
2012-10-23,Manchester United,Sporting Braga,3,2
2012-11-06,Dynamo Kyiv,FC Porto,0,0
2012-11-06,Paris Saint-Germain,GNK Dinamo Zagreb,4,0
2012-11-06,FC Schalke 04,Arsenal,2,2
2012-11-06,Olympiacos,Montpellier,3,1
2012-11-06,Milan,Málaga,1,1
2012-11-06,RSC Anderlecht,Zenit St. Petersburg,1,0
2012-11-06,Manchester City,Ajax,2,2
2012-11-06,Real Madrid,Borussia Dortmund,2,2
2012-11-07,Chelsea,Shakhtar Donetsk,3,2
2012-11-07,Juventus,FC Nordsjælland,4,0
2012-11-07,Bayern München,Lille OSC,6,1
2012-11-07,Valencia,BATE Borisov,4,2
2012-11-07,Celtic,Barcelona,2,1
2012-11-07,SL Benfica,Spartak Moscow,2,0
2012-11-07,CFR Cluj,Galatasaray,1,3
2012-11-07,Sporting Braga,Manchester United,1,3
2012-11-21,Dynamo Kyiv,Paris Saint-Germain,0,2
2012-11-21,FC Porto,GNK Dinamo Zagreb,3,0
2012-11-21,Arsenal,Montpellier,2,0
2012-11-21,FC Schalke 04,Olympiacos,1,0
2012-11-21,Zenit St. Petersburg,Málaga,2,2
2012-11-21,RSC Anderlecht,Milan,1,3
2012-11-21,Ajax,Borussia Dortmund,1,4
2012-11-21,Manchester City,Real Madrid,1,1
2012-11-20,FC Nordsjælland,Shakhtar Donetsk,2,5
2012-11-20,Juventus,Chelsea,3,0
2012-11-20,BATE Borisov,Lille OSC,0,2
2012-11-20,Valencia,Bayern München,1,1
2012-11-20,Spartak Moscow,Barcelona,0,3
2012-11-20,SL Benfica,Celtic,2,1
2012-11-20,CFR Cluj,Sporting Braga,3,1
2012-11-20,Galatasaray,Manchester United,1,0
2013-02-12,Celtic,Juventus,0,3
2013-02-12,Valencia,Paris Saint-Germain,1,2
2013-02-13,Real Madrid,Manchester United,1,1
2013-02-13,Shakhtar Donetsk,Borussia Dortmund,2,2
2013-02-19,Arsenal,Bayern München,1,3
2013-02-19,FC Porto,Málaga,1,0
2013-02-20,Galatasaray,FC Schalke 04,1,1
2013-02-20,Milan,Barcelona,2,0
2013-03-05,Borussia Dortmund,Shakhtar Donetsk,3,0
2013-03-05,Manchester United,Real Madrid,1,2
2013-03-06,Juventus,Celtic,2,0
2013-03-06,Paris Saint-Germain,Valencia,1,1
2013-03-12,Barcelona,Milan,4,0
2013-03-12,FC Schalke 04,Galatasaray,2,3
2013-03-13,Bayern München,Arsenal,0,2
2013-03-13,Málaga,FC Porto,2,0
2013-04-02,Bayern München,Juventus,2,0
2013-04-02,Paris Saint-Germain,Barcelona,2,2
2013-04-03,Málaga,Borussia Dortmund,0,0
2013-04-03,Real Madrid,Galatasaray,3,0
2013-04-09,Borussia Dortmund,Málaga,3,2
2013-04-09,Galatasaray,Real Madrid,3,2
2013-04-10,Barcelona,Paris Saint-Germain,1,1
2013-04-10,Juventus,Bayern München,0,2
2013-04-23,Bayern München,Barcelona,4,0
2013-04-24,Borussia Dortmund,Real Madrid,4,1
2013-04-30,Real Madrid,Borussia Dortmund,2,0
2013-05-01,Barcelona,Bayern München,0,3
2013-05-25,Borussia Dortmund,Bayern München,1,2
2013-09-17,Manchester United,Bayer 04 Leverkusen,4,2
2013-09-17,Real Sociedad,Shakhtar Donetsk,0,2
2013-09-17,FC København,Juventus,1,1
2013-09-17,Galatasaray,Real Madrid,1,6
2013-09-17,Olympiacos,Paris Saint-Germain,1,4
2013-09-17,SL Benfica,RSC Anderlecht,2,0
2013-09-17,Bayern München,CSKA Moscow,3,0
2013-09-17,Viktoria Plzeň,Manchester City,0,3
2013-09-18,Chelsea,FC Basel,1,2
2013-09-18,FC Schalke 04,FCSB,3,0
2013-09-18,Napoli,Borussia Dortmund,2,1
2013-09-18,Olympique de Marseille,Arsenal,1,2
2013-09-18,Atlético Madrid,Zenit St. Petersburg,3,1
2013-09-18,Austria Wien,FC Porto,0,1
2013-09-18,Barcelona,Ajax,4,0
2013-09-18,Milan,Celtic,2,0
2013-10-02,Bayer 04 Leverkusen,Real Sociedad,2,1
2013-10-02,Shakhtar Donetsk,Manchester United,1,1
2013-10-02,Juventus,Galatasaray,2,2
2013-10-02,Real Madrid,FC København,4,0
2013-10-02,Paris Saint-Germain,SL Benfica,3,0
2013-10-02,RSC Anderlecht,Olympiacos,0,3
2013-10-02,CSKA Moscow,Viktoria Plzeň,3,2
2013-10-02,Manchester City,Bayern München,1,3
2013-10-01,FC Basel,FC Schalke 04,0,1
2013-10-01,FCSB,Chelsea,0,4
2013-10-01,Arsenal,Napoli,2,0
2013-10-01,Borussia Dortmund,Olympique de Marseille,3,0
2013-10-01,Zenit St. Petersburg,Austria Wien,0,0
2013-10-01,FC Porto,Atlético Madrid,1,2
2013-10-01,Ajax,Milan,1,1
2013-10-01,Celtic,Barcelona,0,1
2013-10-23,Bayer 04 Leverkusen,Shakhtar Donetsk,4,0
2013-10-23,Manchester United,Real Sociedad,1,0
2013-10-23,Galatasaray,FC København,3,1
2013-10-23,Real Madrid,Juventus,2,1
2013-10-23,RSC Anderlecht,Paris Saint-Germain,0,5
2013-10-23,SL Benfica,Olympiacos,1,1
2013-10-23,CSKA Moscow,Manchester City,1,2
2013-10-23,Bayern München,Viktoria Plzeň,5,0
2013-10-22,FCSB,FC Basel,1,1
2013-10-22,FC Schalke 04,Chelsea,0,3
2013-10-22,Arsenal,Borussia Dortmund,1,2
2013-10-22,Olympique de Marseille,Napoli,1,2
2013-10-22,Austria Wien,Atlético Madrid,0,3
2013-10-22,FC Porto,Zenit St. Petersburg,0,1
2013-10-22,Celtic,Ajax,2,1
2013-10-22,Milan,Barcelona,1,1
2013-11-05,Real Sociedad,Manchester United,0,0
2013-11-05,Shakhtar Donetsk,Bayer 04 Leverkusen,0,0
2013-11-05,FC København,Galatasaray,1,0
2013-11-05,Juventus,Real Madrid,2,2
2013-11-05,Olympiacos,SL Benfica,1,0
2013-11-05,Paris Saint-Germain,RSC Anderlecht,1,1
2013-11-05,Manchester City,CSKA Moscow,5,2
2013-11-05,Viktoria Plzeň,Bayern München,0,1
2013-11-06,Chelsea,FC Schalke 04,3,0
2013-11-06,FC Basel,FCSB,1,1
2013-11-06,Borussia Dortmund,Arsenal,0,1
2013-11-06,Napoli,Olympique de Marseille,3,2
2013-11-06,Zenit St. Petersburg,FC Porto,1,1
2013-11-06,Atlético Madrid,Austria Wien,4,0
2013-11-06,Ajax,Celtic,1,0
2013-11-06,Barcelona,Milan,3,1
2013-11-27,Bayer 04 Leverkusen,Manchester United,0,5
2013-11-27,Shakhtar Donetsk,Real Sociedad,4,0
2013-11-27,Juventus,FC København,3,1
2013-11-27,Real Madrid,Galatasaray,4,1
2013-11-27,Paris Saint-Germain,Olympiacos,2,1
2013-11-27,RSC Anderlecht,SL Benfica,2,3
2013-11-27,CSKA Moscow,Bayern München,1,3
2013-11-27,Manchester City,Viktoria Plzeň,4,2
2013-11-26,FC Basel,Chelsea,1,0
2013-11-26,FCSB,FC Schalke 04,0,0
2013-11-26,Arsenal,Olympique de Marseille,2,0
2013-11-26,Borussia Dortmund,Napoli,3,1
2013-11-26,Zenit St. Petersburg,Atlético Madrid,1,1
2013-11-26,FC Porto,Austria Wien,1,1
2013-11-26,Ajax,Barcelona,2,1
2013-11-26,Celtic,Milan,0,3
2014-02-18,Bayer 04 Leverkusen,Paris Saint-Germain,0,4
2014-02-18,Manchester City,Barcelona,0,2
2014-02-19,Arsenal,Bayern München,0,2
2014-02-19,Milan,Atlético Madrid,0,1
2014-02-25,Zenit St. Petersburg,Borussia Dortmund,2,4
2014-02-25,Olympiacos,Manchester United,2,0
2014-02-26,FC Schalke 04,Real Madrid,1,6
2014-02-26,Galatasaray,Chelsea,1,1
2014-03-11,Atlético Madrid,Milan,4,1
2014-03-11,Bayern München,Arsenal,1,1
2014-03-12,Barcelona,Manchester City,2,1
2014-03-12,Paris Saint-Germain,Bayer 04 Leverkusen,2,1
2014-03-18,Chelsea,Galatasaray,2,0
2014-03-18,Real Madrid,FC Schalke 04,3,1
2014-03-19,Borussia Dortmund,Zenit St. Petersburg,1,2
2014-03-19,Manchester United,Olympiacos,3,0
2014-04-01,Barcelona,Atlético Madrid,1,1
2014-04-01,Manchester United,Bayern München,1,1
2014-04-02,Paris Saint-Germain,Chelsea,3,1
2014-04-02,Real Madrid,Borussia Dortmund,3,0
2014-04-08,Borussia Dortmund,Real Madrid,2,0
2014-04-08,Chelsea,Paris Saint-Germain,2,0
2014-04-09,Atlético Madrid,Barcelona,1,0
2014-04-09,Bayern München,Manchester United,3,1
2014-04-22,Atlético Madrid,Chelsea,0,0
2014-04-23,Real Madrid,Bayern München,1,0
2014-04-29,Bayern München,Real Madrid,0,4
2014-04-30,Chelsea,Atlético Madrid,1,3
2014-05-24,Real Madrid,Atlético Madrid,1(3),1(0)
2014-09-16,Juventus,Malmö FF,2,0
2014-09-16,Olympiacos,Atlético Madrid,3,2
2014-09-16,Liverpool,Ludogorets Razgrad,2,1
2014-09-16,Real Madrid,FC Basel,5,1
2014-09-16,AS Monaco,Bayer 04 Leverkusen,1,0
2014-09-16,SL Benfica,Zenit St. Petersburg,0,2
2014-09-16,Borussia Dortmund,Arsenal,2,0
2014-09-16,Galatasaray,RSC Anderlecht,1,1
2014-09-17,Bayern München,Manchester City,1,0
2014-09-17,Roma,CSKA Moscow,5,1
2014-09-17,Ajax,Paris Saint-Germain,1,1
2014-09-17,Barcelona,APOEL Nicosia,1,0
2014-09-17,Chelsea,FC Schalke 04,1,1
2014-09-17,NK Maribor,Sporting CP,1,1
2014-09-17,Athletic Bilbao,Shakhtar Donetsk,0,0
2014-09-17,FC Porto,BATE Borisov,6,0
2014-10-01,Atlético Madrid,Juventus,1,0
2014-10-01,Malmö FF,Olympiacos,2,0
2014-10-01,FC Basel,Liverpool,1,0
2014-10-01,Ludogorets Razgrad,Real Madrid,1,2
2014-10-01,Zenit St. Petersburg,AS Monaco,0,0
2014-10-01,Bayer 04 Leverkusen,SL Benfica,3,1
2014-10-01,Arsenal,Galatasaray,4,1
2014-10-01,RSC Anderlecht,Borussia Dortmund,0,3
2014-09-30,CSKA Moscow,Bayern München,0,1
2014-09-30,Manchester City,Roma,1,1
2014-09-30,APOEL Nicosia,Ajax,1,1
2014-09-30,Paris Saint-Germain,Barcelona,3,2
2014-09-30,FC Schalke 04,NK Maribor,1,1
2014-09-30,Sporting CP,Chelsea,0,1
2014-09-30,BATE Borisov,Athletic Bilbao,2,1
2014-09-30,Shakhtar Donetsk,FC Porto,2,2
2014-10-22,Atlético Madrid,Malmö FF,5,0
2014-10-22,Olympiacos,Juventus,1,0
2014-10-22,Liverpool,Real Madrid,0,3
2014-10-22,Ludogorets Razgrad,FC Basel,1,0
2014-10-22,AS Monaco,SL Benfica,0,0
2014-10-22,Bayer 04 Leverkusen,Zenit St. Petersburg,2,0
2014-10-22,Galatasaray,Borussia Dortmund,0,4
2014-10-22,RSC Anderlecht,Arsenal,1,2
2014-10-21,CSKA Moscow,Manchester City,2,2
2014-10-21,Roma,Bayern München,1,7
2014-10-21,APOEL Nicosia,Paris Saint-Germain,0,1
2014-10-21,Barcelona,Ajax,3,1
2014-10-21,Chelsea,NK Maribor,6,0
2014-10-21,FC Schalke 04,Sporting CP,4,3
2014-10-21,BATE Borisov,Shakhtar Donetsk,0,7
2014-10-21,FC Porto,Athletic Bilbao,2,1
2014-11-04,Juventus,Olympiacos,3,2
2014-11-04,Malmö FF,Atlético Madrid,0,2
2014-11-04,FC Basel,Ludogorets Razgrad,4,0
2014-11-04,Real Madrid,Liverpool,1,0
2014-11-04,Zenit St. Petersburg,Bayer 04 Leverkusen,1,2
2014-11-04,SL Benfica,AS Monaco,1,0
2014-11-04,Arsenal,RSC Anderlecht,3,3
2014-11-04,Borussia Dortmund,Galatasaray,4,1
2014-11-05,Bayern München,Roma,2,0
2014-11-05,Manchester City,CSKA Moscow,1,2
2014-11-05,Ajax,Barcelona,0,2
2014-11-05,Paris Saint-Germain,APOEL Nicosia,1,0
2014-11-05,NK Maribor,Chelsea,1,1
2014-11-05,Sporting CP,FC Schalke 04,4,2
2014-11-05,Athletic Bilbao,FC Porto,0,2
2014-11-05,Shakhtar Donetsk,BATE Borisov,5,0
2014-11-26,Atlético Madrid,Olympiacos,4,0
2014-11-26,Malmö FF,Juventus,0,2
2014-11-26,FC Basel,Real Madrid,0,1
2014-11-26,Ludogorets Razgrad,Liverpool,2,2
2014-11-26,Zenit St. Petersburg,SL Benfica,1,0
2014-11-26,Bayer 04 Leverkusen,AS Monaco,0,1
2014-11-26,Arsenal,Borussia Dortmund,2,0
2014-11-26,RSC Anderlecht,Galatasaray,2,0
2014-11-25,CSKA Moscow,Roma,1,1
2014-11-25,Manchester City,Bayern München,3,2
2014-11-25,APOEL Nicosia,Barcelona,0,4
2014-11-25,Paris Saint-Germain,Ajax,3,1
2014-11-25,FC Schalke 04,Chelsea,0,5
2014-11-25,Sporting CP,NK Maribor,3,1
2014-11-25,BATE Borisov,FC Porto,0,3
2014-11-25,Shakhtar Donetsk,Athletic Bilbao,0,1
2015-02-17,Paris Saint-Germain,Chelsea,1,1
2015-02-17,Shakhtar Donetsk,Bayern München,0,0
2015-02-18,FC Basel,FC Porto,1,1
2015-02-18,FC Schalke 04,Real Madrid,0,2
2015-02-24,Juventus,Borussia Dortmund,2,1
2015-02-24,Manchester City,Barcelona,1,2
2015-02-25,Arsenal,AS Monaco,1,3
2015-02-25,Bayer 04 Leverkusen,Atlético Madrid,1,0
2015-03-10,FC Porto,FC Basel,4,0
2015-03-10,Real Madrid,FC Schalke 04,3,4
2015-03-11,Bayern München,Shakhtar Donetsk,7,0
2015-03-11,Chelsea,Paris Saint-Germain,1(1),1(1)
2015-03-17,AS Monaco,Arsenal,0,2
2015-03-17,Atlético Madrid,Bayer 04 Leverkusen,1(0) (3),0(0) (2)
2015-03-18,Barcelona,Manchester City,1,0
2015-03-18,Borussia Dortmund,Juventus,0,3
2015-04-14,Atlético Madrid,Real Madrid,0,0
2015-04-14,Juventus,AS Monaco,1,0
2015-04-15,FC Porto,Bayern München,3,1
2015-04-15,Paris Saint-Germain,Barcelona,1,3
2015-04-21,Barcelona,Paris Saint-Germain,2,0
2015-04-21,Bayern München,FC Porto,6,1
2015-04-22,AS Monaco,Juventus,0,0
2015-04-22,Real Madrid,Atlético Madrid,1,0
2015-05-05,Juventus,Real Madrid,2,1
2015-05-06,Barcelona,Bayern München,3,0
2015-05-12,Bayern München,Barcelona,3,2
2015-05-13,Real Madrid,Juventus,1,1
2015-06-06,Juventus,Barcelona,1,3
2015-09-15,Paris Saint-Germain,Malmö FF,2,0
2015-09-15,Real Madrid,Shakhtar Donetsk,4,0
2015-09-15,PSV Eindhoven,Manchester United,2,1
2015-09-15,VfL Wolfsburg,CSKA Moscow,1,0
2015-09-15,Galatasaray,Atlético Madrid,0,2
2015-09-15,SL Benfica,Astana,2,0
2015-09-15,Manchester City,Juventus,1,2
2015-09-15,Sevilla,Borussia M'gladbach,3,0
2015-09-16,Bayer 04 Leverkusen,BATE Borisov,4,1
2015-09-16,Roma,Barcelona,1,1
2015-09-16,GNK Dinamo Zagreb,Arsenal,2,1
2015-09-16,Olympiacos,Bayern München,0,3
2015-09-16,Chelsea,Maccabi Tel Aviv,4,0
2015-09-16,Dynamo Kyiv,FC Porto,2,2
2015-09-16,KAA Gent,Olympique Lyonnais,1,1
2015-09-16,Valencia,Zenit St. Petersburg,2,3
2015-09-30,Malmö FF,Real Madrid,0,2
2015-09-30,Shakhtar Donetsk,Paris Saint-Germain,0,3
2015-09-30,CSKA Moscow,PSV Eindhoven,3,2
2015-09-30,Manchester United,VfL Wolfsburg,2,1
2015-09-30,Astana,Galatasaray,2,2
2015-09-30,Atlético Madrid,SL Benfica,1,2
2015-09-30,Borussia M'gladbach,Manchester City,1,2
2015-09-30,Juventus,Sevilla,2,0
2015-09-29,Barcelona,Bayer 04 Leverkusen,2,1
2015-09-29,BATE Borisov,Roma,3,2
2015-09-29,Arsenal,Olympiacos,2,3
2015-09-29,Bayern München,GNK Dinamo Zagreb,5,0
2015-09-29,FC Porto,Chelsea,2,1
2015-09-29,Maccabi Tel Aviv,Dynamo Kyiv,0,2
2015-09-29,Olympique Lyonnais,Valencia,0,1
2015-09-29,Zenit St. Petersburg,KAA Gent,2,1
2015-10-21,Malmö FF,Shakhtar Donetsk,1,0
2015-10-21,Paris Saint-Germain,Real Madrid,0,0
2015-10-21,CSKA Moscow,Manchester United,1,1
2015-10-21,VfL Wolfsburg,PSV Eindhoven,2,0
2015-10-21,Atlético Madrid,Astana,4,0
2015-10-21,Galatasaray,SL Benfica,2,1
2015-10-21,Juventus,Borussia M'gladbach,0,0
2015-10-21,Manchester City,Sevilla,2,1
2015-10-20,BATE Borisov,Barcelona,0,2
2015-10-20,Bayer 04 Leverkusen,Roma,4,4
2015-10-20,Arsenal,Bayern München,2,0
2015-10-20,GNK Dinamo Zagreb,Olympiacos,0,1
2015-10-20,Dynamo Kyiv,Chelsea,0,0
2015-10-20,FC Porto,Maccabi Tel Aviv,2,0
2015-10-20,Valencia,KAA Gent,2,1
2015-10-20,Zenit St. Petersburg,Olympique Lyonnais,3,1
2015-11-03,Real Madrid,Paris Saint-Germain,1,0
2015-11-03,Shakhtar Donetsk,Malmö FF,4,0
2015-11-03,Manchester United,CSKA Moscow,1,0
2015-11-03,PSV Eindhoven,VfL Wolfsburg,2,0
2015-11-03,Astana,Atlético Madrid,0,0
2015-11-03,SL Benfica,Galatasaray,2,1
2015-11-03,Borussia M'gladbach,Juventus,1,1
2015-11-03,Sevilla,Manchester City,1,3
2015-11-04,Barcelona,BATE Borisov,3,0
2015-11-04,Roma,Bayer 04 Leverkusen,3,2
2015-11-04,Bayern München,Arsenal,5,1
2015-11-04,Olympiacos,GNK Dinamo Zagreb,2,1
2015-11-04,Chelsea,Dynamo Kyiv,2,1
2015-11-04,Maccabi Tel Aviv,FC Porto,1,3
2015-11-04,KAA Gent,Valencia,1,0
2015-11-04,Olympique Lyonnais,Zenit St. Petersburg,0,2
2015-11-25,Malmö FF,Paris Saint-Germain,0,5
2015-11-25,Shakhtar Donetsk,Real Madrid,3,4
2015-11-25,CSKA Moscow,VfL Wolfsburg,0,2
2015-11-25,Manchester United,PSV Eindhoven,0,0
2015-11-25,Astana,SL Benfica,2,2
2015-11-25,Atlético Madrid,Galatasaray,2,0
2015-11-25,Borussia M'gladbach,Sevilla,4,2
2015-11-25,Juventus,Manchester City,1,0
2015-11-24,BATE Borisov,Bayer 04 Leverkusen,1,1
2015-11-24,Barcelona,Roma,6,1
2015-11-24,Arsenal,GNK Dinamo Zagreb,3,0
2015-11-24,Bayern München,Olympiacos,4,0
2015-11-24,FC Porto,Dynamo Kyiv,0,2
2015-11-24,Maccabi Tel Aviv,Chelsea,0,4
2015-11-24,Zenit St. Petersburg,Valencia,2,0
2015-11-24,Olympique Lyonnais,KAA Gent,1,2
2016-02-16,Paris Saint-Germain,Chelsea,2,1
2016-02-16,SL Benfica,Zenit St. Petersburg,1,0
2016-02-17,KAA Gent,VfL Wolfsburg,2,3
2016-02-17,Roma,Real Madrid,0,2
2016-02-23,Arsenal,Barcelona,0,2
2016-02-23,Juventus,Bayern München,2,2
2016-02-24,Dynamo Kyiv,Manchester City,1,3
2016-02-24,PSV Eindhoven,Atlético Madrid,0,0
2016-03-08,Real Madrid,Roma,2,0
2016-03-08,VfL Wolfsburg,KAA Gent,1,0
2016-03-09,Zenit St. Petersburg,SL Benfica,1,2
2016-03-09,Chelsea,Paris Saint-Germain,1,2
2016-03-15,Atlético Madrid,PSV Eindhoven,0(0) (8),0(0) (7)
2016-03-15,Manchester City,Dynamo Kyiv,0,0
2016-03-16,Barcelona,Arsenal,3,1
2016-03-16,Bayern München,Juventus,2(2),2(0)
2016-04-05,Barcelona,Atlético Madrid,2,1
2016-04-05,Bayern München,SL Benfica,1,0
2016-04-06,Paris Saint-Germain,Manchester City,2,2
2016-04-06,VfL Wolfsburg,Real Madrid,2,0
2016-04-12,Manchester City,Paris Saint-Germain,1,0
2016-04-12,Real Madrid,VfL Wolfsburg,3,0
2016-04-13,Atlético Madrid,Barcelona,2,0
2016-04-13,SL Benfica,Bayern München,2,2
2016-04-26,Manchester City,Real Madrid,0,0
2016-04-27,Atlético Madrid,Bayern München,1,0
2016-05-03,Bayern München,Atlético Madrid,2,1
2016-05-04,Real Madrid,Manchester City,1,0
2016-05-28,Real Madrid,Atlético Madrid,1(0) (5),1(0) (3)
2016-09-13,FC Basel,Ludogorets Razgrad,1,1
2016-09-13,Paris Saint-Germain,Arsenal,1,1
2016-09-13,Dynamo Kyiv,Napoli,1,2
2016-09-13,SL Benfica,Beşiktaş,1,1
2016-09-13,Barcelona,Celtic,7,0
2016-09-14,Manchester City,Borussia M'gladbach,4,0
2016-09-13,Bayern München,FC Rostov,5,0
2016-09-13,PSV Eindhoven,Atlético Madrid,0,1
2016-09-14,Bayer 04 Leverkusen,CSKA Moscow,2,2
2016-09-14,Tottenham,AS Monaco,1,2
2016-09-14,Legia Warszawa,Borussia Dortmund,0,6
2016-09-14,Real Madrid,Sporting CP,2,1
2016-09-14,Club Brugge,Leicester City,0,3
2016-09-14,FC Porto,FC København,1,1
2016-09-14,Juventus,Sevilla,0,0
2016-09-14,Olympique Lyonnais,GNK Dinamo Zagreb,3,0
2016-09-28,Arsenal,FC Basel,2,0
2016-09-28,Ludogorets Razgrad,Paris Saint-Germain,1,3
2016-09-28,Beşiktaş,Dynamo Kyiv,1,1
2016-09-28,Napoli,SL Benfica,4,2
2016-09-28,Borussia M'gladbach,Barcelona,1,2
2016-09-28,Celtic,Manchester City,3,3
2016-09-28,Atlético Madrid,Bayern München,1,0
2016-09-28,FC Rostov,PSV Eindhoven,2,2
2016-09-27,AS Monaco,Bayer 04 Leverkusen,1,1
2016-09-27,CSKA Moscow,Tottenham,0,1
2016-09-27,Borussia Dortmund,Real Madrid,2,2
2016-09-27,Sporting CP,Legia Warszawa,2,0
2016-09-27,FC København,Club Brugge,4,0
2016-09-27,Leicester City,FC Porto,1,0
2016-09-27,GNK Dinamo Zagreb,Juventus,0,4
2016-09-27,Sevilla,Olympique Lyonnais,1,0
2016-10-19,Arsenal,Ludogorets Razgrad,6,0
2016-10-19,Paris Saint-Germain,FC Basel,3,0
2016-10-19,Dynamo Kyiv,SL Benfica,0,2
2016-10-19,Napoli,Beşiktaş,2,3
2016-10-19,Barcelona,Manchester City,4,0
2016-10-19,Celtic,Borussia M'gladbach,0,2
2016-10-19,Bayern München,PSV Eindhoven,4,1
2016-10-19,FC Rostov,Atlético Madrid,0,1
2016-10-18,Bayer 04 Leverkusen,Tottenham,0,0
2016-10-18,CSKA Moscow,AS Monaco,1,1
2016-10-18,Real Madrid,Legia Warszawa,5,1
2016-10-18,Sporting CP,Borussia Dortmund,1,2
2016-10-18,Club Brugge,FC Porto,1,2
2016-10-18,Leicester City,FC København,1,0
2016-10-18,GNK Dinamo Zagreb,Sevilla,0,1
2016-10-18,Olympique Lyonnais,Juventus,0,1
2016-11-01,FC Basel,Paris Saint-Germain,1,2
2016-11-01,Ludogorets Razgrad,Arsenal,2,3
2016-11-01,Beşiktaş,Napoli,1,1
2016-11-01,SL Benfica,Dynamo Kyiv,1,0
2016-11-01,Borussia M'gladbach,Celtic,1,1
2016-11-01,Manchester City,Barcelona,3,1
2016-11-01,Atlético Madrid,FC Rostov,2,1
2016-11-01,PSV Eindhoven,Bayern München,1,2
2016-11-02,AS Monaco,CSKA Moscow,3,0
2016-11-02,Tottenham,Bayer 04 Leverkusen,0,1
2016-11-02,Borussia Dortmund,Sporting CP,1,0
2016-11-02,Legia Warszawa,Real Madrid,3,3
2016-11-02,FC København,Leicester City,0,0
2016-11-02,FC Porto,Club Brugge,1,0
2016-11-02,Juventus,Olympique Lyonnais,1,1
2016-11-02,Sevilla,GNK Dinamo Zagreb,4,0
2016-11-23,Arsenal,Paris Saint-Germain,2,2
2016-11-23,Ludogorets Razgrad,FC Basel,0,0
2016-11-23,Beşiktaş,SL Benfica,3,3
2016-11-23,Napoli,Dynamo Kyiv,0,0
2016-11-23,Borussia M'gladbach,Manchester City,1,1
2016-11-23,Celtic,Barcelona,0,2
2016-11-23,FC Rostov,Bayern München,3,2
2016-11-23,Atlético Madrid,PSV Eindhoven,2,0
2016-11-22,CSKA Moscow,Bayer 04 Leverkusen,1,1
2016-11-22,AS Monaco,Tottenham,2,1
2016-11-22,Borussia Dortmund,Legia Warszawa,8,4
2016-11-22,Sporting CP,Real Madrid,1,2
2016-11-22,FC København,FC Porto,0,0
2016-11-22,Leicester City,Club Brugge,2,1
2016-11-22,GNK Dinamo Zagreb,Olympique Lyonnais,0,1
2016-11-22,Sevilla,Juventus,1,3
2017-02-14,Paris Saint-Germain,Barcelona,4,0
2017-02-14,SL Benfica,Borussia Dortmund,1,0
2017-02-15,Bayern München,Arsenal,5,1
2017-02-15,Real Madrid,Napoli,3,1
2017-02-21,Bayer 04 Leverkusen,Atlético Madrid,2,4
2017-02-21,Manchester City,AS Monaco,5,3
2017-02-22,FC Porto,Juventus,0,2
2017-02-22,Sevilla,Leicester City,2,1
2017-03-07,Arsenal,Bayern München,1,5
2017-03-07,Napoli,Real Madrid,1,3
2017-03-08,Barcelona,Paris Saint-Germain,6,1
2017-03-08,Borussia Dortmund,SL Benfica,4,0
2017-03-14,Juventus,FC Porto,1,0
2017-03-14,Leicester City,Sevilla,2,0
2017-03-15,AS Monaco,Manchester City,3,1
2017-03-15,Atlético Madrid,Bayer 04 Leverkusen,0,0
2017-04-11,Juventus,Barcelona,3,0
2017-04-12,Borussia Dortmund,AS Monaco,2,3
2017-04-12,Atlético Madrid,Leicester City,1,0
2017-04-12,Bayern München,Real Madrid,1,2
2017-04-18,Leicester City,Atlético Madrid,1,1
2017-04-18,Real Madrid,Bayern München,1(3),2(0)
2017-04-19,AS Monaco,Borussia Dortmund,3,1
2017-04-19,Barcelona,Juventus,0,0
2017-05-02,Real Madrid,Atlético Madrid,3,0
2017-05-03,AS Monaco,Juventus,0,2
2017-05-09,Juventus,AS Monaco,2,1
2017-05-10,Atlético Madrid,Real Madrid,2,1
2017-06-03,Juventus,Real Madrid,1,4
2017-09-12,Manchester United,FC Basel,3,0
2017-09-12,SL Benfica,CSKA Moscow,1,2
2017-09-12,Bayern München,RSC Anderlecht,3,0
2017-09-12,Celtic,Paris Saint-Germain,0,5
2017-09-12,Chelsea,Qarabağ Ağdam FK,6,0
2017-09-12,Roma,Atlético Madrid,0,0
2017-09-12,Barcelona,Juventus,3,0
2017-09-12,Olympiacos,Sporting CP,2,3
2017-09-13,Liverpool,Sevilla,2,2
2017-09-13,NK Maribor,Spartak Moscow,1,1
2017-09-13,Feyenoord,Manchester City,0,4
2017-09-13,Shakhtar Donetsk,Napoli,2,1
2017-09-13,FC Porto,Beşiktaş,1,3
2017-09-13,RB Leipzig,AS Monaco,1,1
2017-09-13,Real Madrid,APOEL Nicosia,3,0
2017-09-13,Tottenham,Borussia Dortmund,3,1
2017-09-27,CSKA Moscow,Manchester United,1,4
2017-09-27,FC Basel,SL Benfica,5,0
2017-09-27,Paris Saint-Germain,Bayern München,3,0
2017-09-27,RSC Anderlecht,Celtic,0,3
2017-09-27,Qarabağ Ağdam FK,Roma,1,2
2017-09-27,Atlético Madrid,Chelsea,1,2
2017-09-27,Juventus,Olympiacos,2,0
2017-09-27,Sporting CP,Barcelona,0,1
2017-09-26,Sevilla,NK Maribor,3,0
2017-09-26,Spartak Moscow,Liverpool,1,1
2017-09-26,Manchester City,Shakhtar Donetsk,2,0
2017-09-26,Napoli,Feyenoord,3,1
2017-09-26,AS Monaco,FC Porto,0,3
2017-09-26,Beşiktaş,RB Leipzig,2,0
2017-09-26,APOEL Nicosia,Tottenham,0,3
2017-09-26,Borussia Dortmund,Real Madrid,1,3
2017-10-18,CSKA Moscow,FC Basel,0,2
2017-10-18,SL Benfica,Manchester United,0,1
2017-10-18,Bayern München,Celtic,3,0
2017-10-18,RSC Anderlecht,Paris Saint-Germain,0,4
2017-10-18,Qarabağ Ağdam FK,Atlético Madrid,0,0
2017-10-18,Chelsea,Roma,3,3
2017-10-18,Barcelona,Olympiacos,3,1
2017-10-18,Juventus,Sporting CP,2,1
2017-10-17,NK Maribor,Liverpool,0,7
2017-10-17,Spartak Moscow,Sevilla,5,1
2017-10-17,Feyenoord,Shakhtar Donetsk,1,2
2017-10-17,Manchester City,Napoli,2,1
2017-10-17,AS Monaco,Beşiktaş,1,2
2017-10-17,RB Leipzig,FC Porto,3,2
2017-10-17,APOEL Nicosia,Borussia Dortmund,1,1
2017-10-17,Real Madrid,Tottenham,1,1
2017-10-31,FC Basel,CSKA Moscow,1,2
2017-10-31,Manchester United,SL Benfica,2,0
2017-10-31,Celtic,Bayern München,1,2
2017-10-31,Paris Saint-Germain,RSC Anderlecht,5,0
2017-10-31,Atlético Madrid,Qarabağ Ağdam FK,1,1
2017-10-31,Roma,Chelsea,3,0
2017-10-31,Olympiacos,Barcelona,0,0
2017-10-31,Sporting CP,Juventus,1,1
2017-11-01,Liverpool,NK Maribor,3,0
2017-11-01,Sevilla,Spartak Moscow,2,1
2017-11-01,Napoli,Manchester City,2,4
2017-11-01,Shakhtar Donetsk,Feyenoord,3,1
2017-11-01,Beşiktaş,AS Monaco,1,1
2017-11-01,FC Porto,RB Leipzig,3,1
2017-11-01,Borussia Dortmund,APOEL Nicosia,1,1
2017-11-01,Tottenham,Real Madrid,3,1
2017-11-22,CSKA Moscow,SL Benfica,2,0
2017-11-22,FC Basel,Manchester United,1,0
2017-11-22,Paris Saint-Germain,Celtic,7,1
2017-11-22,RSC Anderlecht,Bayern München,1,2
2017-11-22,Qarabağ Ağdam FK,Chelsea,0,4
2017-11-22,Atlético Madrid,Roma,2,0
2017-11-22,Juventus,Barcelona,0,0
2017-11-22,Sporting CP,Olympiacos,3,1
2017-11-21,Spartak Moscow,NK Maribor,1,1
2017-11-21,Sevilla,Liverpool,3,3
2017-11-21,Manchester City,Feyenoord,1,0
2017-11-21,Napoli,Shakhtar Donetsk,3,0
2017-11-21,Beşiktaş,FC Porto,1,1
2017-11-21,AS Monaco,RB Leipzig,1,4
2017-11-21,APOEL Nicosia,Real Madrid,0,6
2017-11-21,Borussia Dortmund,Tottenham,1,2
2018-02-13,FC Basel,Manchester City,0,4
2018-02-13,Juventus,Tottenham,2,2
2018-02-14,FC Porto,Liverpool,0,5
2018-02-14,Real Madrid,Paris Saint-Germain,3,1
2018-02-20,Bayern München,Beşiktaş,5,0
2018-02-20,Chelsea,Barcelona,1,1
2018-02-21,Sevilla,Manchester United,0,0
2018-02-21,Shakhtar Donetsk,Roma,2,1
2018-03-06,Liverpool,FC Porto,0,0
2018-03-06,Paris Saint-Germain,Real Madrid,1,2
2018-03-07,Manchester City,FC Basel,1,2
2018-03-07,Tottenham,Juventus,1,2
2018-03-13,Manchester United,Sevilla,1,2
2018-03-13,Roma,Shakhtar Donetsk,1,0
2018-03-14,Beşiktaş,Bayern München,1,3
2018-03-14,Barcelona,Chelsea,3,0
2018-04-03,Juventus,Real Madrid,0,3
2018-04-03,Sevilla,Bayern München,1,2
2018-04-04,Barcelona,Roma,4,1
2018-04-04,Liverpool,Manchester City,3,0
2018-04-10,Manchester City,Liverpool,1,2
2018-04-10,Roma,Barcelona,3,0
2018-04-11,Bayern München,Sevilla,0,0
2018-04-11,Real Madrid,Juventus,1,3
2018-04-24,Liverpool,Roma,5,2
2018-04-25,Bayern München,Real Madrid,1,2
2018-05-01,Real Madrid,Bayern München,2,2
2018-05-02,Roma,Liverpool,4,2
2018-05-26,Real Madrid,Liverpool,3,1
2018-09-18,AS Monaco,Atlético Madrid,1,2
2018-09-18,Club Brugge,Borussia Dortmund,0,1
2018-09-18,Barcelona,PSV Eindhoven,4,0
2018-09-18,Inter,Tottenham,2,1
2018-09-18,FK Crvena zvezda,Napoli,0,0
2018-09-18,Liverpool,Paris Saint-Germain,3,2
2018-09-18,FC Schalke 04,FC Porto,1,1
2018-09-18,Galatasaray,Lokomotiv Moscow,3,0
2018-09-19,Ajax,AEK Athens,3,0
2018-09-19,SL Benfica,Bayern München,0,2
2018-09-19,Shakhtar Donetsk,1899 Hoffenheim,2,2
2018-09-19,Manchester City,Olympique Lyonnais,1,2
2018-09-19,Real Madrid,Roma,3,0
2018-09-19,Viktoria Plzeň,CSKA Moscow,2,2
2018-09-19,Valencia,Juventus,0,2
2018-09-19,Young Boys,Manchester United,0,3
2018-10-03,Atlético Madrid,Club Brugge,3,1
2018-10-03,Borussia Dortmund,AS Monaco,3,0
2018-10-03,PSV Eindhoven,Inter,1,2
2018-10-03,Tottenham,Barcelona,2,4
2018-10-03,Paris Saint-Germain,FK Crvena zvezda,6,1
2018-10-03,Napoli,Liverpool,1,0
2018-10-03,Lokomotiv Moscow,FC Schalke 04,0,1
2018-10-03,FC Porto,Galatasaray,1,0
2018-10-02,AEK Athens,SL Benfica,2,3
2018-10-02,Bayern München,Ajax,1,1
2018-10-02,1899 Hoffenheim,Manchester City,1,2
2018-10-02,Olympique Lyonnais,Shakhtar Donetsk,2,2
2018-10-02,CSKA Moscow,Real Madrid,1,0
2018-10-02,Roma,Viktoria Plzeň,5,0
2018-10-02,Juventus,Young Boys,3,0
2018-10-02,Manchester United,Valencia,0,0
2018-10-24,Club Brugge,AS Monaco,1,1
2018-10-24,Borussia Dortmund,Atlético Madrid,4,0
2018-10-24,PSV Eindhoven,Tottenham,2,2
2018-10-24,Barcelona,Inter,2,0
2018-10-24,Liverpool,FK Crvena zvezda,4,0
2018-10-24,Paris Saint-Germain,Napoli,2,2
2018-10-24,Galatasaray,FC Schalke 04,0,0
2018-10-24,Lokomotiv Moscow,FC Porto,1,3
2018-10-23,AEK Athens,Bayern München,0,2
2018-10-23,Ajax,SL Benfica,1,0
2018-10-23,1899 Hoffenheim,Olympique Lyonnais,3,3
2018-10-23,Shakhtar Donetsk,Manchester City,0,3
2018-10-23,Real Madrid,Viktoria Plzeň,2,1
2018-10-23,Roma,CSKA Moscow,3,0
2018-10-23,Young Boys,Valencia,1,1
2018-10-23,Manchester United,Juventus,0,1
2018-11-06,AS Monaco,Club Brugge,0,4
2018-11-06,Atlético Madrid,Borussia Dortmund,2,0
2018-11-06,Inter,Barcelona,1,1
2018-11-06,Tottenham,PSV Eindhoven,2,1
2018-11-06,FK Crvena zvezda,Liverpool,2,0
2018-11-06,Napoli,Paris Saint-Germain,1,1
2018-11-06,FC Porto,Lokomotiv Moscow,4,1
2018-11-06,FC Schalke 04,Galatasaray,2,0
2018-11-07,Bayern München,AEK Athens,2,0
2018-11-07,SL Benfica,Ajax,1,1
2018-11-07,Manchester City,Shakhtar Donetsk,6,0
2018-11-07,Olympique Lyonnais,1899 Hoffenheim,2,2
2018-11-07,CSKA Moscow,Roma,1,2
2018-11-07,Viktoria Plzeň,Real Madrid,0,5
2018-11-07,Valencia,Young Boys,3,1
2018-11-07,Juventus,Manchester United,1,2
2018-11-28,Atlético Madrid,AS Monaco,2,0
2018-11-28,Borussia Dortmund,Club Brugge,0,0
2018-11-28,PSV Eindhoven,Barcelona,1,2
2018-11-28,Tottenham,Inter,1,0
2018-11-28,Napoli,FK Crvena zvezda,3,1
2018-11-28,Paris Saint-Germain,Liverpool,2,1
2018-11-28,Lokomotiv Moscow,Galatasaray,2,0
2018-11-28,FC Porto,FC Schalke 04,3,1
2018-11-27,AEK Athens,Ajax,0,2
2018-11-27,Bayern München,SL Benfica,5,1
2018-11-27,1899 Hoffenheim,Shakhtar Donetsk,2,3
2018-11-27,Olympique Lyonnais,Manchester City,2,2
2018-11-27,CSKA Moscow,Viktoria Plzeň,1,2
2018-11-27,Roma,Real Madrid,0,2
2018-11-27,Juventus,Valencia,1,0
2018-11-27,Manchester United,Young Boys,1,0
2019-02-12,Manchester United,Paris Saint-Germain,0,2
2019-02-12,Roma,FC Porto,2,1
2019-02-13,Ajax,Real Madrid,1,2
2019-02-13,Tottenham,Borussia Dortmund,3,0
2019-02-19,Liverpool,Bayern München,0,0
2019-02-19,Olympique Lyonnais,Barcelona,0,0
2019-02-20,Atlético Madrid,Juventus,2,0
2019-02-20,FC Schalke 04,Manchester City,2,3
2019-03-05,Borussia Dortmund,Tottenham,0,1
2019-03-05,Real Madrid,Ajax,1,4
2019-03-06,FC Porto,Roma,2(1),1(0)
2019-03-06,Paris Saint-Germain,Manchester United,1,3
2019-03-12,Juventus,Atlético Madrid,3,0
2019-03-12,Manchester City,FC Schalke 04,7,0
2019-03-13,Barcelona,Olympique Lyonnais,5,1
2019-03-13,Bayern München,Liverpool,1,3
2019-04-09,Liverpool,FC Porto,2,0
2019-04-09,Tottenham,Manchester City,1,0
2019-04-10,Ajax,Juventus,1,1
2019-04-10,Manchester United,Barcelona,0,1
2019-04-16,Barcelona,Manchester United,3,0
2019-04-16,Juventus,Ajax,1,2
2019-04-17,FC Porto,Liverpool,1,4
2019-04-17,Manchester City,Tottenham,4,3
2019-04-30,Tottenham,Ajax,0,1
2019-05-01,Barcelona,Liverpool,3,0
2019-05-07,Liverpool,Barcelona,4,0
2019-05-08,Ajax,Tottenham,2,3
2019-06-01,Tottenham,Liverpool,0,2
2019-09-18,Club Brugge,Galatasaray,0,0
2019-09-18,Paris Saint-Germain,Real Madrid,3,0
2019-09-18,Olympiacos,Tottenham,2,2
2019-09-18,Bayern München,FK Crvena zvezda,3,0
2019-09-18,GNK Dinamo Zagreb,Atalanta,4,0
2019-09-18,Shakhtar Donetsk,Manchester City,0,3
2019-09-18,Atlético Madrid,Juventus,2,2
2019-09-18,Bayer 04 Leverkusen,Lokomotiv Moscow,1,2
2019-09-17,Napoli,Liverpool,2,0
2019-09-17,Red Bull Salzburg,KRC Genk,6,2
2019-09-17,Inter,Slavia Praha,1,1
2019-09-17,Borussia Dortmund,Barcelona,0,0
2019-09-17,Olympique Lyonnais,Zenit St. Petersburg,1,1
2019-09-17,SL Benfica,RB Leipzig,1,2
2019-09-17,Ajax,Lille OSC,3,0
2019-09-17,Chelsea,Valencia,0,1
2019-10-01,Real Madrid,Club Brugge,2,2
2019-10-01,Galatasaray,Paris Saint-Germain,0,1
2019-10-01,FK Crvena zvezda,Olympiacos,3,1
2019-10-01,Tottenham,Bayern München,2,7
2019-10-01,Atalanta,Shakhtar Donetsk,1,2
2019-10-01,Manchester City,GNK Dinamo Zagreb,2,0
2019-10-01,Juventus,Bayer 04 Leverkusen,3,0
2019-10-01,Lokomotiv Moscow,Atlético Madrid,0,2
2019-10-02,KRC Genk,Napoli,0,0
2019-10-02,Liverpool,Red Bull Salzburg,4,3
2019-10-02,Slavia Praha,Borussia Dortmund,0,2
2019-10-02,Barcelona,Inter,2,1
2019-10-02,RB Leipzig,Olympique Lyonnais,0,2
2019-10-02,Zenit St. Petersburg,SL Benfica,3,1
2019-10-02,Lille OSC,Chelsea,1,2
2019-10-02,Valencia,Ajax,0,3
2019-10-22,Club Brugge,Paris Saint-Germain,0,5
2019-10-22,Galatasaray,Real Madrid,0,1
2019-10-22,Olympiacos,Bayern München,2,3
2019-10-22,Tottenham,FK Crvena zvezda,5,0
2019-10-22,Shakhtar Donetsk,GNK Dinamo Zagreb,2,2
2019-10-22,Manchester City,Atalanta,5,1
2019-10-22,Atlético Madrid,Bayer 04 Leverkusen,1,0
2019-10-22,Juventus,Lokomotiv Moscow,2,1
2019-10-23,KRC Genk,Liverpool,1,4
2019-10-23,Red Bull Salzburg,Napoli,2,3
2019-10-23,Inter,Borussia Dortmund,2,0
2019-10-23,Slavia Praha,Barcelona,1,2
2019-10-23,RB Leipzig,Zenit St. Petersburg,2,1
2019-10-23,SL Benfica,Olympique Lyonnais,2,1
2019-10-23,Ajax,Chelsea,0,1
2019-10-23,Lille OSC,Valencia,1,1
2019-11-06,Paris Saint-Germain,Club Brugge,1,0
2019-11-06,Real Madrid,Galatasaray,6,0
2019-11-06,Bayern München,Olympiacos,2,0
2019-11-06,FK Crvena zvezda,Tottenham,0,4
2019-11-06,Atalanta,Manchester City,1,1
2019-11-06,GNK Dinamo Zagreb,Shakhtar Donetsk,3,3
2019-11-06,Lokomotiv Moscow,Juventus,1,2
2019-11-06,Bayer 04 Leverkusen,Atlético Madrid,2,1
2019-11-05,Liverpool,KRC Genk,2,1
2019-11-05,Napoli,Red Bull Salzburg,1,1
2019-11-05,Barcelona,Slavia Praha,0,0
2019-11-05,Borussia Dortmund,Inter,3,2
2019-11-05,Zenit St. Petersburg,RB Leipzig,0,2
2019-11-05,Olympique Lyonnais,SL Benfica,3,1
2019-11-05,Chelsea,Ajax,4,4
2019-11-05,Valencia,Lille OSC,4,1
2019-11-26,Galatasaray,Club Brugge,1,1
2019-11-26,Real Madrid,Paris Saint-Germain,2,2
2019-11-26,FK Crvena zvezda,Bayern München,0,6
2019-11-26,Tottenham,Olympiacos,4,2
2019-11-26,Atalanta,GNK Dinamo Zagreb,2,0
2019-11-26,Manchester City,Shakhtar Donetsk,1,1
2019-11-26,Lokomotiv Moscow,Bayer 04 Leverkusen,0,2
2019-11-26,Juventus,Atlético Madrid,1,0
2019-11-27,KRC Genk,Red Bull Salzburg,1,4
2019-11-27,Liverpool,Napoli,1,1
2019-11-27,Barcelona,Borussia Dortmund,3,1
2019-11-27,Slavia Praha,Inter,1,3
2019-11-27,Zenit St. Petersburg,Olympique Lyonnais,2,0
2019-11-27,RB Leipzig,SL Benfica,2,2
2019-11-27,Valencia,Chelsea,2,2
2019-11-27,Lille OSC,Ajax,0,2
2020-02-18,Atlético Madrid,Liverpool,1,0
2020-02-18,Borussia Dortmund,Paris Saint-Germain,2,1
2020-02-19,Atalanta,Valencia,4,1
2020-02-19,Tottenham,RB Leipzig,0,1
2020-02-25,Chelsea,Bayern München,0,3
2020-02-25,Napoli,Barcelona,1,1
2020-02-26,Olympique Lyonnais,Juventus,1,0
2020-02-26,Real Madrid,Manchester City,1,2
2020-03-10,RB Leipzig,Tottenham,3,0
2020-03-10,Valencia,Atalanta,3,4
2020-03-11,Liverpool,Atlético Madrid,1(1),0(3)
2020-03-11,Paris Saint-Germain,Borussia Dortmund,2,0
2020-08-07,Juventus,Olympique Lyonnais,2,1
2020-08-07,Manchester City,Real Madrid,2,1
2020-08-08,Barcelona,Napoli,3,1
2020-08-08,Bayern München,Chelsea,4,1
2020-08-12,Atalanta,Paris Saint-Germain,1,2
2020-08-13,RB Leipzig,Atlético Madrid,2,1
2020-08-14,Barcelona,Bayern München,2,8
2020-08-15,Manchester City,Olympique Lyonnais,1,3
2020-08-18,RB Leipzig,Paris Saint-Germain,0,3
2020-08-19,Olympique Lyonnais,Bayern München,0,3
2020-08-23,Paris Saint-Germain,Bayern München,0,1
2020-10-21,Red Bull Salzburg,Lokomotiv Moscow,2,2
2020-10-21,Bayern München,Atlético Madrid,4,0
2020-10-21,Real Madrid,Shakhtar Donetsk,2,3
2020-10-21,Inter,Borussia M'gladbach,2,2
2020-10-21,Manchester City,FC Porto,3,1
2020-10-21,Olympiacos,Olympique de Marseille,1,0
2020-10-21,Ajax,Liverpool,0,1
2020-10-21,FC Midtjylland,Atalanta,0,4
2020-10-20,Chelsea,Sevilla,0,0
2020-10-20,Stade Rennais,FC Krasnodar,1,1
2020-10-20,Zenit St. Petersburg,Club Brugge,1,2
2020-10-20,Lazio,Borussia Dortmund,3,1
2020-10-20,Dynamo Kyiv,Juventus,0,2
2020-10-20,Barcelona,Ferencvárosi TC,5,1
2020-10-20,Paris Saint-Germain,Manchester United,1,2
2020-10-20,RB Leipzig,Başakşehir FK,2,0
2020-10-27,Lokomotiv Moscow,Bayern München,1,2
2020-10-27,Atlético Madrid,Red Bull Salzburg,3,2
2020-10-27,Shakhtar Donetsk,Inter,0,0
2020-10-27,Borussia M'gladbach,Real Madrid,2,2
2020-10-27,FC Porto,Olympiacos,2,0
2020-10-27,Olympique de Marseille,Manchester City,0,3
2020-10-27,Atalanta,Ajax,2,2
2020-10-27,Liverpool,FC Midtjylland,2,0
2020-10-28,FC Krasnodar,Chelsea,0,4
2020-10-28,Sevilla,Stade Rennais,1,0
2020-10-28,Borussia Dortmund,Zenit St. Petersburg,2,0
2020-10-28,Club Brugge,Lazio,1,1
2020-10-28,Ferencvárosi TC,Dynamo Kyiv,2,2
2020-10-28,Juventus,Barcelona,0,2
2020-10-28,Başakşehir FK,Paris Saint-Germain,0,2
2020-10-28,Manchester United,RB Leipzig,5,0
2020-11-03,Lokomotiv Moscow,Atlético Madrid,1,1
2020-11-03,Red Bull Salzburg,Bayern München,2,6
2020-11-03,Shakhtar Donetsk,Borussia M'gladbach,0,6
2020-11-03,Real Madrid,Inter,3,2
2020-11-03,FC Porto,Olympique de Marseille,3,0
2020-11-03,Manchester City,Olympiacos,3,0
2020-11-03,Atalanta,Liverpool,0,5
2020-11-03,FC Midtjylland,Ajax,1,2
2020-11-04,Chelsea,Stade Rennais,3,0
2020-11-04,Sevilla,FC Krasnodar,3,2
2020-11-04,Zenit St. Petersburg,Lazio,1,1
2020-11-04,Club Brugge,Borussia Dortmund,0,3
2020-11-04,Barcelona,Dynamo Kyiv,2,1
2020-11-04,Ferencvárosi TC,Juventus,1,4
2020-11-04,Başakşehir FK,Manchester United,2,1
2020-11-04,RB Leipzig,Paris Saint-Germain,2,1
2020-11-25,Atlético Madrid,Lokomotiv Moscow,0,0
2020-11-25,Bayern München,Red Bull Salzburg,3,1
2020-11-25,Borussia M'gladbach,Shakhtar Donetsk,4,0
2020-11-25,Inter,Real Madrid,0,2
2020-11-25,Olympiacos,Manchester City,0,1
2020-11-25,Olympique de Marseille,FC Porto,0,2
2020-11-25,Ajax,FC Midtjylland,3,1
2020-11-25,Liverpool,Atalanta,0,2
2020-11-24,FC Krasnodar,Sevilla,1,2
2020-11-24,Stade Rennais,Chelsea,1,2
2020-11-24,Borussia Dortmund,Club Brugge,3,0
2020-11-24,Lazio,Zenit St. Petersburg,3,1
2020-11-24,Dynamo Kyiv,Barcelona,0,4
2020-11-24,Juventus,Ferencvárosi TC,2,1
2020-11-24,Manchester United,Başakşehir FK,4,1
2020-11-24,Paris Saint-Germain,RB Leipzig,1,0
2020-12-01,Lokomotiv Moscow,Red Bull Salzburg,1,3
2020-12-01,Atlético Madrid,Bayern München,1,1
2020-12-01,Shakhtar Donetsk,Real Madrid,2,0
2020-12-01,Borussia M'gladbach,Inter,2,3
2020-12-01,FC Porto,Manchester City,0,0
2020-12-01,Olympique de Marseille,Olympiacos,2,1
2020-12-01,Atalanta,FC Midtjylland,1,1
2020-12-01,Liverpool,Ajax,1,0
2020-12-02,FC Krasnodar,Stade Rennais,1,0
2020-12-02,Sevilla,Chelsea,0,4
2020-12-02,Borussia Dortmund,Lazio,1,1
2020-12-02,Club Brugge,Zenit St. Petersburg,3,0
2020-12-02,Ferencvárosi TC,Barcelona,0,3
2020-12-02,Juventus,Dynamo Kyiv,3,0
2020-12-02,Başakşehir FK,RB Leipzig,3,4
2020-12-02,Manchester United,Paris Saint-Germain,1,3
2021-02-16,Barcelona,Paris Saint-Germain,1,4
2021-02-16,RB Leipzig,Liverpool,0,2
2021-02-17,FC Porto,Juventus,2,1
2021-02-17,Sevilla,Borussia Dortmund,2,3
2021-02-23,Atlético Madrid,Chelsea,0,1
2021-02-23,Lazio,Bayern München,1,4
2021-02-24,Atalanta,Real Madrid,0,1
2021-02-24,Borussia M'gladbach,Manchester City,0,2
2021-03-09,Borussia Dortmund,Sevilla,2,2
2021-03-09,Juventus,FC Porto,2(1),1(1)
2021-03-10,Liverpool,RB Leipzig,2,0
2021-03-10,Paris Saint-Germain,Barcelona,1,1
2021-03-16,Manchester City,Borussia M'gladbach,2,0
2021-03-16,Real Madrid,Atalanta,3,1
2021-03-17,Bayern München,Lazio,2,1
2021-03-17,Chelsea,Atlético Madrid,2,0
2021-04-06,Manchester City,Borussia Dortmund,2,1
2021-04-06,Real Madrid,Liverpool,3,1
2021-04-07,Bayern München,Paris Saint-Germain,2,3
2021-04-07,FC Porto,Chelsea,0,2
2021-04-13,Chelsea,FC Porto,0,1
2021-04-13,Paris Saint-Germain,Bayern München,0,1
2021-04-14,Borussia Dortmund,Manchester City,1,2
2021-04-14,Liverpool,Real Madrid,0,0
2021-04-27,Real Madrid,Chelsea,1,1
2021-04-28,Paris Saint-Germain,Manchester City,1,2
2021-05-04,Manchester City,Paris Saint-Germain,2,0
2021-05-05,Chelsea,Real Madrid,2,0
2021-05-29,Manchester City,Chelsea,0,1
